:020000040800F2
:1000000000500020F92700080125000809250008F4
:10001000112500081925000821250008000000000E
:10002000000000000000000000000000292500087A
:100030003525000800000000412500084D25000876
:1000400041280008412800084128000841280008EC
:1000500041280008412800084128000841280008DC
:1000600041280008412800084128000841280008CC
:1000700041280008412800084128000841280008BC
:1000800041280008412800084128000841280008AC
:10009000412800084128000841280008412800089C
:1000A000412800084128000841280008412800088C
:1000B000412800084128000841280008412800087C
:1000C000412800084128000841280008412800086C
:1000D0004128000859250008412800084128000847
:1000E00041280008412800084128000800000000BD
:1000F0000000000000000000000000000000000000
:0C01000000000000000000005FF808F1A3
:1001100010B5054C237833B9044B13B10448AFF341
:1001200000800123237010BDDC01002000000000CE
:10013000F0A5000808B5034B1BB103490348AFF312
:10014000008008BD00000000E0010020F0A50008CC
:1001500010F8012B11F8013B012A28BF9A42F7D071
:10016000D01A7047034613F8012B002AFBD1181A46
:100170000138704781F0004102E000BF83F0004386
:1001800030B54FEA41044FEA430594EA050F08BF32
:1001900090EA020F1FBF54EA000C55EA020C7FEAF6
:1001A000645C7FEA655C00F0E2804FEA5454D4EB73
:1001B0005555B8BF6D420CDD2C4480EA020281EA3D
:1001C000030382EA000083EA010180EA020281EA75
:1001D0000303362D88BF30BD11F0004F4FEA0131C7
:1001E0004FF4801C4CEA113102D0404261EB4101D6
:1001F00013F0004F4FEA03334CEA133302D052425C
:1002000063EB430394EA050F00F0A780A4F1010417
:10021000D5F1200E0DDB02FA0EFC22FA05F2801851
:1002200041F1000103FA0EF2801843FA05F3594137
:100230000EE0A5F120050EF1200E012A03FA0EFCB6
:1002400028BF4CF0020C43FA05F3C01851EBE371E0
:1002500001F0004507D54FF0000EDCF1000C7EEBFD
:1002600000006EEB0101B1F5801F1BD3B1F5001F3B
:100270000CD349085FEA30004FEA3C0C04F101045A
:100280004FEA445212F5800F80F09A80BCF1004F83
:1002900008BF5FEA500C50F1000041EB045141EA05
:1002A000050130BD5FEA4C0C404141EB0101013CCE
:1002B00028BFB1F5801FE9D291F0000F04BF0146BD
:1002C0000020B1FA81F308BF2033A3F10B03B3F18F
:1002D00020020CDA0C3208DD02F1140CC2F10C021F
:1002E00001FA0CF021FA02F10CE002F11402D8BF7D
:1002F000C2F1200C01FA02F120FA0CFCDCBF41EA49
:100300000C019040E41AA2BF01EB0451294330BD17
:100310006FEA04041F3C1CDA0C340EDC04F11404F4
:10032000C4F1200220FA04F001FA02F340EA0300CB
:1003300021FA04F345EA030130BDC4F10C04C4F111
:10034000200220FA02F001FA04F340EA03002946F1
:1003500030BD21FA04F0294630BD94F0000F83F43B
:10036000801306BF81F480110134013D4EE77FEA1E
:10037000645C18BF7FEA655C29D094EA050F08BF6A
:1003800090EA020F05D054EA000C04BF194610464B
:1003900030BD91EA030F1EBF0021002030BD5FEA8F
:1003A000545C05D14000494128BF41F0004130BDB7
:1003B00014F580043CBF01F5801130BD01F000450B
:1003C00045F0FE4141F470014FF0000030BD7FEA7E
:1003D000645C1ABF194610467FEA655C1CBF0B4679
:1003E000024650EA013406BF52EA033591EA030F90
:1003F00041F4002130BD00BF90F0000F04BF002188
:10040000704730B54FF4806404F132044FF00005BA
:100410004FF0000150E700BF90F0000F04BF002133
:10042000704730B54FF4806404F1320410F0004599
:1004300048BF40424FF000013EE700BF42004FEA94
:10044000E2014FEA31014FEA02701FBF12F07F4311
:1004500093F07F4F81F06051704732F07F4208BFC8
:10046000704793F07F4F04BF41F40021704730B5CF
:100470004FF4607401F0004521F000411CE700BF1B
:1004800050EA010208BF704730B54FF000050AE09E
:1004900050EA010208BF704730B511F0004502D59F
:1004A000404261EB41014FF4806404F132045FEAA1
:1004B000915C3FF4D8AE4FF003025FEADC0C18BF4A
:1004C00003325FEADC0C18BF033202EBDC02C2F13C
:1004D000200300FA03FC20FA02F001FA03FE40EACE
:1004E0000E0021FA02F11444BDE600BF70B54FF0D2
:1004F000FF0C4CF4E06C1CEA11541DBF1CEA1355B0
:1005000094EA0C0F95EA0C0F00F0DEF82C4481EA17
:10051000030621EA4C5123EA4C5350EA013518BF37
:1005200052EA033541F4801143F4801338D0A0FB24
:1005300002CE4FF00005E1FB02E506F00042E0FBD1
:1005400003E54FF00006E1FB03569CF0000F18BFD7
:100550004EF0010EA4F1FF04B6F5007F64F540747F
:1005600004D25FEA4E0E6D4146EB060642EAC62112
:1005700041EA55514FEAC52040EA5E504FEACE2E7F
:10058000B4F1FD0C88BFBCF5E06F1ED8BEF1004F82
:1005900008BF5FEA500E50F1000041EB045170BDFE
:1005A00006F0004646EA010140EA020081EA030142
:1005B000B4EB5C04C2BFD4EB0C0541EA045170BD3E
:1005C00041F480114FF0000E013C00F3AB8014F1B8
:1005D000360FDEBF002001F0004170BDC4F1000401
:1005E000203C35DA0C341BDC04F11404C4F1200582
:1005F00000FA05F320FA04F001FA05F240EA0200DD
:1006000001F0004221F0004110EBD37021FA04F612
:1006100042EB06015EEA430E08BF20EAD37070BDCC
:10062000C4F10C04C4F1200500FA04F320FA05F02B
:1006300001FA04F240EA020001F0004110EBD3702D
:1006400041F100015EEA430E08BF20EAD37070BD9D
:10065000C4F1200500FA05F24EEA020E20FA04F376
:1006600001FA05F243EA020321FA04F001F0004125
:1006700021FA04F220EA020000EBD3705EEA430E96
:1006800008BF20EAD37070BD94F0000F0FD101F0C5
:100690000046400041EB010111F4801F08BF013CFE
:1006A000F7D041EA060195F0000F18BF704703F03C
:1006B0000046520043EB030313F4801F08BF013DC3
:1006C000F7D043EA0603704794EA0C0F0CEA13557F
:1006D00018BF95EA0C0F0CD050EA410618BF52EA39
:1006E0004306D1D181EA030101F000414FF000003F
:1006F00070BD50EA410606BF1046194652EA43064D
:1007000019D094EA0C0F02D150EA013613D195EAC0
:100710000C0F05D152EA03361CBF104619460AD108
:1007200081EA030101F0004141F0FE4141F4700112
:100730004FF0000070BD41F0FE4141F4780170BD02
:1007400070B54FF0FF0C4CF4E06C1CEA11541DBF67
:100750001CEA135594EA0C0F95EA0C0F00F0A7F869
:10076000A4EB050481EA030E52EA03354FEA013196
:1007700000F088804FEA03334FF0805545EA1313A9
:1007800043EA12634FEA022245EA111545EA106571
:100790004FEA00260EF000419D4208BF964244F108
:1007A000FD0404F5407402D25B084FEA3202B61A27
:1007B00065EB03055B084FEA32024FF480104FF4FB
:1007C000002CB6EB020E75EB030E22BFB61A75466F
:1007D00040EA0C005B084FEA3202B6EB020E75EB02
:1007E000030E22BFB61A754640EA5C005B084FEA6A
:1007F0003202B6EB020E75EB030E22BFB61A754637
:1008000040EA9C005B084FEA3202B6EB020E75EB41
:10081000030E22BFB61A754640EADC0055EA060E02
:1008200018D04FEA051545EA16754FEA06164FEA45
:10083000C30343EA52734FEAC2025FEA1C1CC0D1F1
:1008400011F4801F0BD141EA00014FF000004FF07E
:10085000004CB6E711F4801F04BF01430020B4F13F
:10086000FD0C88BFBCF5E06F3FF6AFAEB5EB030CF7
:1008700004BFB6EB020C5FEA500C50F1000041EBF4
:10088000045170BD0EF0004E4EEA113114EB5C04C1
:10089000C2BFD4EB0C0541EA045170BD41F4801194
:1008A0004FF0000E013C90E645EA060E8DE60CEA9C
:1008B000135594EA0C0F08BF95EA0C0F3FF43BAFB9
:1008C00094EA0C0F0AD150EA01347FF434AF95EA70
:1008D0000C0F7FF425AF104619462CE795EA0C0F54
:1008E00006D152EA03353FF4FDAE1046194622E721
:1008F00050EA410618BF52EA43067FF4C5AE50EAFB
:1009000041047FF40DAF52EA43057FF4EBAE12E7EA
:100910004FF0FF3C06E000BF4FF0010C02E000BFCB
:100920004FF0010C4DF804CD4FEA410C7FEA6C5CAE
:100930004FEA430C18BF7FEA6C5C1BD001B050EA51
:10094000410C0CBF52EA430C91EA030F02BF90EA3C
:10095000020F0020704710F1000F91EA030F58BFFB
:10096000994208BF90422CBFD8176FEAE37040F05D
:10097000010070474FEA410C7FEA6C5C02D150EAFB
:10098000013C07D14FEA430C7FEA6C5CD6D152EAB6
:10099000033CD3D05DF8040B704700BF844610467B
:1009A00062468C461946634600E000BF01B5FFF77A
:1009B000B7FF002848BF10F1000F01BD4DF808ED4A
:1009C000FFF7F4FF0CBF012000205DF808FB00BF1B
:1009D0004DF808EDFFF7EAFF34BF012000205DF875
:1009E00008FB00BF4DF808EDFFF7E0FF94BF0120C2
:1009F00000205DF808FB00BF4DF808EDFFF7CEFFC3
:100A000094BF012000205DF808FB00BF4DF808ED01
:100A1000FFF7C4FF34BF012000205DF808FB00BFD2
:100A20004FEA410C7FEA6C5C02D150EA013C0AD1EA
:100A30004FEA430C7FEA6C5C02D152EA033C02D1DC
:100A40004FF0000070474FF0010070474FEA41023D
:100A500012F5001215D211D56FF47873B3EB625210
:100A600012D94FEAC12343F0004343EA505311F037
:100A7000004F23FA02F018BF404270474FF00000C9
:100A8000704750EA013005D111F0004008BF6FF007
:100A9000004070474FF00000704700BF4A0011D27D
:100AA00012F5001211D20DD56FF47873B3EB6252C8
:100AB0000ED44FEAC12343F0004343EA505323FAD4
:100AC00002F070474FF00000704750EA013002D149
:100AD0004FF0FF3070474FF0000070474FEA41027F
:100AE000B2F1E04324BFB3F5001CDCF1FE5C0DD98C
:100AF00001F0004C4FEAC0024CEA5070B2F1004FD6
:100B000040EB830008BF20F00100704711F0804FD8
:100B100021D113F13872BCBF01F00040704741F49D
:100B200080114FEA5252C2F11802C2F1200C10FAA1
:100B30000CF320FA02F018BF40F001004FEAC12385
:100B40004FEAD32303FA0CFC40EA0C0023FA02F329
:100B50004FEA4303CCE77FEA625307D150EA0133FF
:100B60001EBF4FF0FE4040F44000704701F00040CF
:100B700040F0FE4040F40000704700BF80F00040AD
:100B800002E000BF81F0004142001FBF5FEA410365
:100B900092EA030F7FEA226C7FEA236C6AD04FEA65
:100BA0001262D2EB1363C1BFD218414048404140AA
:100BB000B8BF5B42192B88BF704710F0004F40F45C
:100BC000000020F07F4018BF404211F0004F41F478
:100BD000000121F07F4118BF494292EA030F3FD044
:100BE000A2F1010241FA03FC10EB0C00C3F1200357
:100BF00001FA03F100F0004302D5494260EB4000E6
:100C0000B0F5000F13D3B0F1807F06D340084FEA50
:100C1000310102F10102FE2A51D2B1F1004F40EB45
:100C2000C25008BF20F0010040EA030070474900AD
:100C300040EB0000013A28BFB0F5000FEDD2B0FA4A
:100C400080FCACF1080CB2EB0C0200FA0CF0AABF6D
:100C500000EBC25052421843BCBFD040184370470B
:100C600092F0000F81F4000106BF80F40000013211
:100C7000013BB5E74FEA41037FEA226C18BF7FEAE8
:100C8000236C21D092EA030F04D092F0000F08BF2A
:100C90000846704790EA010F1CBF0020704712F011
:100CA0007F4F04D1400028BF40F00040704712F150
:100CB00000723CBF00F50000704700F0004343F0B5
:100CC000FE4040F4000070477FEA226216BF0846EB
:100CD0007FEA23630146420206BF5FEA412390EAAE
:100CE000010F40F4800070474FF0000304E000BFA4
:100CF00010F0004348BF40425FEA000C08BF704755
:100D000043F0964301464FF000001CE050EA010218
:100D100008BF70474FF000030AE000BF50EA01022D
:100D200008BF704711F0004302D5404261EB41011A
:100D30005FEA010C02BF84460146002043F0B6433F
:100D400008BFA3F18053A3F50003BCFA8CF2083A64
:100D5000A3EBC25310DB01FA02FC634400FA02FC6D
:100D6000C2F12002BCF1004F20FA02F243EB020074
:100D700008BF20F00100704702F1200201FA02FCD6
:100D8000C2F1200250EA4C0021FA02F243EB0200C9
:100D900008BF20EADC7070474FF0FF0C1CEAD0520D
:100DA0001EBF1CEAD15392EA0C0F93EA0C0F6FD0CE
:100DB0001A4480EA010C400218BF5FEA41211ED0AC
:100DC0004FF0006343EA501043EA5111A0FB013198
:100DD0000CF00040B1F5000F3EBF490041EAD3716D
:100DE0005B0040EA010062F17F02FD2A1DD8B3F1E9
:100DF000004F40EBC25008BF20F00100704790F058
:100E0000000F0CF0004C08BF49024CEA502040EAA9
:100E100051207F3AC2BFD2F1FF0340EAC25070476F
:100E200040F400004FF00003013A5DDC12F1190FAD
:100E3000DCBF00F000407047C2F10002410021FA1F
:100E400002F1C2F1200200FA02FC5FEA310040F137
:100E5000000053EA4C0308BF20EADC70704792F0B0
:100E6000000F00F0004C02BF400010F4000F013AE8
:100E7000F9D040EA0C0093F0000F01F0004C02BFE3
:100E8000490011F4000F013BF9D041EA0C018FE752
:100E90000CEAD15392EA0C0F18BF93EA0C0F0AD058
:100EA00030F0004C18BF31F0004CD8D180EA01007E
:100EB00000F00040704790F0000F17BF90F0004F17
:100EC000084691F0000F91F0004F14D092EA0C0FF9
:100ED00001D142020FD193EA0C0F03D14B0218BF8C
:100EE000084608D180EA010000F0004040F0FE40D2
:100EF00040F40000704740F0FE4040F4400070476E
:100F00004FF0FF0C1CEAD0521EBF1CEAD15392EAEC
:100F10000C0F93EA0C0F69D0A2EB030280EA010CDC
:100F200049024FEA402037D04FF0805343EA111175
:100F300043EA10130CF000408B4238BF5B0042F1D3
:100F40007D024FF4000C8B4224BF5B1A40EA0C0078
:100F5000B3EB510F24BFA3EB510340EA5C00B3EBAA
:100F6000910F24BFA3EB910340EA9C00B3EBD10F98
:100F700024BFA3EBD10340EADC001B0118BF5FEAEA
:100F80001C1CE0D1FD2A3FF650AF8B4240EBC25013
:100F900008BF20F0010070470CF0004C4CEA5020D4
:100FA0007F32C2BFD2F1FF0340EAC250704740F423
:100FB00000004FF00003013A37E792F0000F00F015
:100FC000004C02BF400010F4000F013AF9D040EA93
:100FD0000C0093F0000F01F0004C02BF490011F427
:100FE000000F013BF9D041EA0C0195E70CEAD1531F
:100FF00092EA0C0F08D142027FF47DAF93EA0C0F06
:101000007FF470AF084676E793EA0C0F04D14B02E9
:101010003FF44CAF08466EE730F0004C18BF31F09B
:10102000004CCAD130F000427FF45CAF31F0004395
:101030007FF43CAF5FE700BF4FF0FF3C06E000BF2E
:101040004FF0010C02E000BF4FF0010C4DF804CD51
:101050004FEA40024FEA41037FEA226C18BF7FEA61
:10106000236C11D001B052EA530C18BF90EA010F63
:1010700058BFB2EB030088BFC81738BF6FEAE170F2
:1010800018BF40F0010070477FEA226C02D15FEA8E
:10109000402C05D17FEA236CE4D15FEA412CE1D0FA
:1010A0005DF8040B704700BF844608466146FFE7C1
:1010B0000FB5FFF7C9FF002848BF10F1000F0FBDA3
:1010C0004DF808EDFFF7F4FF0CBF012000205DF89C
:1010D00008FB00BF4DF808EDFFF7EAFF34BF012021
:1010E00000205DF808FB00BF4DF808EDFFF7E0FFBA
:1010F00094BF012000205DF808FB00BF4DF808ED0B
:10110000FFF7D2FF94BF012000205DF808FB00BF6D
:101110004DF808EDFFF7C8FF34BF012000205DF84F
:1011200008FB00BF38B50022002304460D46FFF738
:101130004FFC28B920462946BDE8384000F00AB8DF
:10114000204605F1004100F005F8404261EB410105
:1011500038BD00BFD0B500220B4B06460F46FFF747
:10116000C5F9FFF79BFC0446FFF746F90022074B41
:10117000FFF7BCF902460B4630463946FEF7FEFF44
:10118000FFF78CFC2146D0BD0000F03D0000F0418F
:1011900080B584B000AF3B1D00221A605A609A608F
:1011A000184B194A1A60174B00229A60154B0022FF
:1011B0001A73144B00221A75124B4FF46022DA6135
:1011C000104B00225A600F4B01221A610D4801F0AA
:1011D000BFFB0346002B01D001F0ECF800237B603D
:1011E0000123BB600023FB603B1D1946054801F04D
:1011F00073FE0346002B01D001F0DCF800BF10376E
:10120000BD4680BDF80100200024014080B58AB0B1
:1012100000AF786007F1180300221A605A609A60E4
:10122000DA607B681B681F4A934237D11E4B9B696B
:101230001D4A43F4007393611B4B9B6903F40073D5
:101240007B617B69184B9B69174A43F004039361E8
:10125000154B9B6903F004033B613B69124B9B698F
:10126000114A43F0080393610F4B9B6903F0080395
:10127000FB60FB680123BB610323FB6107F11803DB
:1012800019460A4802F07CF90123BB610323FB6184
:1012900007F118031946064802F072F900BF283713
:1012A000BD4680BD002401400010024000080140FE
:1012B000000C014080B584B000AFF860B9607A607E
:1012C000174AFB681360174ABB681360164A7B68AD
:1012D000136020220021154805F0BDFD144B0022AB
:1012E0001A70144B00221A7000F01EFF00F077FFF6
:1012F0000221002000F07EFF0F4800F05BFF01217B
:10130000012000F077FF0D4800F054FF4FF47A7091
:1013100001F0FAFA00F063FF00BF1037BD4680BD50
:10132000280200202C020020300200206C02002045
:101330008C0200208D02002008A6000818A60008D4
:1013400080B483B000AF0346FB71254B1B78DBB242
:10135000002B40D1FB790D2B02D0FB790A2B0FD14A
:10136000204B1B78DBB2002B36D01E4B1B78DBB238
:101370001A461D4B00219954194B01221A702BE07B
:10138000FB79082B02D0FB797F2B13D1154B1B78EF
:10139000DBB2002B20D0134B1B78DBB2013BDAB25F
:1013A000104B1A700F4B1B78DBB21A460E4B002104
:1013B000995411E00B4B1B78DBB21E2B0CD8094B58
:1013C0001B78DBB25A1CD1B2064A11701946064A84
:1013D000FB79535400E000BF0C37BD4680BC70471A
:1013E0008D0200208C0200206C02002080B584B0A9
:1013F00000AF0023FB604FF00003BB602C4B1B6869
:10140000184601F07DFB2A4B1B680A21184601F0A3
:1014100051FC0346002B17D1254B1B68184601F0E1
:101420004FFDF860F868FFF75FFC03462149184656
:10143000FFF7B2FC034620491846FFF761FD03465B
:10144000BB60B86800F0B8FB194B1B68184601F088
:1014500005FC00F0E1FB786000F06EFC174B1B7898
:10146000002B03D1786800F00DFC04E00022062177
:10147000134802F020FA786800F0DEF800F028F84F
:10148000104B1B78DBB2002B0DD00F4800F0C6F9D3
:101490000E4B00221A70202200210B4805F0DBFCC5
:1014A000084B00221A7000BF1037BD4680BD00BF38
:1014B000280200200000A54300F07F4568020020BC
:1014C000000801408D0200206C0200208C020020E8
:1014D0002DE9F047BAB00EAF07F1200300210A460C
:1014E0001A800A469A700023FB614A4B1B68002B46
:1014F0000FD0484B1B6807F120010022184603F06B
:10150000FBF9444B1B6807F11C010022184603F04D
:1015100081FB414B1B68002B0CDD404B1B68002BF3
:1015200003D03E4B1B68013B00E009233C4A52F8C4
:10153000233001E04FF00003C7F8AC3000F06CFB43
:10154000C7F8A8000821374802F09EF90346012B8E
:1015500006D01021334802F097F90346012B01D140
:10156000012300E0002387F8A73097F820309A463F
:1015700097F821307B6197F822303B61FB7FFB605D
:101580007B7FBB60BB7F7B60D7F8AC00FEF756FF6C
:1015900004460D46D7F8A800FEF750FF804689465E
:1015A00097F8A760204B1B783B60204B1B681846C0
:1015B000FEF744FF02460B4607F12400CDE90C2359
:1015C0003A680B920A96CDE90889CDE906457A6812
:1015D0000492BA680392FA6802923A6901927B69AE
:1015E00000935346124A802105F09AFB114B1C6868
:1015F00007F124031846FEF7B5FD03469AB207F13A
:1016000024016423204603F04BFE00BFB037BD46E3
:10161000BDE8F08730020020600200205C0200205C
:101620003402002000080140680200200000002071
:1016300028A600082C020020B0B58EB004AF786058
:1016400007F10C0300210A461A800A469A7000230B
:10165000BB60654B1B68002B0FD0634B1B6807F109
:101660000C010022184603F047F95F4B1B6807F195
:1016700008010022184603F0CDFA7B7A1D46BB7A9A
:101680003A7B797BB87B044607F110000394029102
:10169000019200932B46554A152105F041FB00218C
:1016A000002000F0A7FD07F11003184600F082FDAE
:1016B0007868FEF7C3FE04460D464D4B1B6818467E
:1016C000FEF7BCFE02460B4607F11000CDE90223EF
:1016D000CDE90045474A152105F022FB00210120F4
:1016E00000F088FD07F11003184600F063FD0021AB
:1016F000022000F07FFD404B1B684FF07E511846E2
:10170000FFF742FA03461A46394B1B681946104642
:10171000FFF742FB034619467868FFF7F9FC0346DA
:10172000002B03D0354800F045FD1DE0324B1B680F
:1017300019464FF07E50FFF725FA03461A462C4B08
:101740001B6819461046FFF727FB034619467868C1
:10175000FFF7C0FC0346002B03D0294800F02AFD08
:1017600002E0284800F026FD0821274802F08CF806
:101770000346012B06D01021234802F085F80346CA
:10178000012B01D1012300E0002387F8273000213D
:10179000032000F02FFD97F82730002B03D11B4BBF
:1017A0001B78002B17D01A4B1B78184600F078FCDA
:1017B000184800F0FFFC164B1B78184600F070FC30
:1017C000134B1B78002B0CBF01230023DBB21A46FE
:1017D0000F4B1A7003E0104800F0ECFC00BF00BF94
:1017E0002837BD46B0BD00BF3002002080A60008EB
:1017F00000000020A0A6000804000020B8A60008F1
:10180000D0A60008E8A600080008014068020020F1
:101810008E02002000A7000814A7000890B591B020
:1018200000AF786009229849786805F01CFB0346F0
:10183000002B76D17B680933FB6302E0FB6B01333D
:10184000FB63FB6B1B78202BF8D04FF00003BB63CE
:101850004FF07E537B63FB6B1B782D2B05D18B4B9D
:101860007B63FB6B0133FB631DE0FB6B1B782B2B56
:1018700019D1FB6B0133FB6315E08549B86BFFF7AA
:101880008BFA03461C46FB6B1B78303B1846FFF770
:101890002FFA034619462046FFF776F90346BB6345
:1018A000FB6B0133FB63FB6B1B782F2B03D9FB6BAB
:1018B0001B78392BE1D9FB6B1B782E2B28D1FB6BC6
:1018C0000133FB63724B3B631AE0FB6B1B78303BCD
:1018D0001846FFF70DFA0346396B1846FFF710FB61
:1018E00003461946B86BFFF74FF90346BB636849D7
:1018F000386BFFF751FA03463B63FB6B0133FB6325
:10190000FB6B1B782F2B03D9FB6B1B78392BDCD996
:10191000796BB86BFFF740FA03461A465D4B1A60C5
:10192000E8E009225C49786805F09DFA0346002B3F
:1019300055D17B680933BB6200237B6200233B6285
:101940000023FB6107F124033A221946B86A00F02C
:10195000E3F8B86207F120033A221946B86A00F0AA
:10196000DBF8B86207F11C0300221946B86A00F0E0
:10197000D3F8B862BB6A002B00F0BC807B6A002BF6
:10198000C0F2B8807B6A172B00F3B4803B6A002B4F
:10199000C0F2B0803B6A3B2B00F3AC80FB69002BAC
:1019A000C0F2A880FB693B2B00F3A48007F1180369
:1019B00000210A461A800A469A707B6ADBB23B769F
:1019C0003B6ADBB27B76FB69DBB2BB76334B1B68D1
:1019D00007F118010022184602F0F6FE8AE00922FB
:1019E0002F49786805F03FFA0346002B5AD17B68EF
:1019F0000933FB6200237B6100233B610023FB6012
:101A000007F114033A221946F86A00F085F8F862E3
:101A100007F110033A221946F86A00F07DF8F862DF
:101A200007F10C0300221946F86A00F075F8F86215
:101A3000FB6A002B5ED07B69002B5BDB7B69632B31
:101A400058DC3B69002B55DD3B690C2B52DCFB68F5
:101A5000002B4FDDFB681F2B4CDC0023BB607B6938
:101A6000DBB2FB723B69DBB27B72FB68DBB2BB7241
:101A700001233B72094B1B6807F10801002218463D
:101A800003F012F836E000BF2CA70008000080BF6A
:101A9000000020410000002038A70008300200208C
:101AA00044A7000815497868FEF752FB0346002B4F
:101AB00011D1134B00221A70124B00221A70124BD4
:101AC00000221A60114B00221A600022E621104801
:101AD00001F0F1FE0EE00F497868FEF739FB03468E
:101AE000002B07D1074B01221A70002280210848E1
:101AF00001F0E1FE00BF4437BD4690BD50A700088D
:101B00006802002069020020600200205C020020C0
:101B1000000801405CA7000880B487B000AFF860FF
:101B2000B9601346FB71FB68002B03D0FB681B7880
:101B3000002B01D100233AE000237B6100233B61AD
:101B400002E0FB680133FB60FB681B78202BF8D0B8
:101B50000FE07A6913469B0013445B001A46FB684A
:101B60001B78303B13447B6101233B61FB680133ED
:101B7000FB60FB681B782F2B03D9FB681B78392B84
:101B8000E7D93B69002B01D1002310E0BB687A69DB
:101B90001A60FB79002B09D0FB681B78FA799A420E
:101BA00001D0002303E0FB680133FB60FB681846AB
:101BB0001C37BD4680BC704780B483B000AF7860EE
:101BC000114B1B6811497A6841F823200E4B1B68A2
:101BD000591C0F4B83FB01239A10CB17D21A1346C3
:101BE0009B0013445B00CA1A074B1A60094B1B6821
:101BF000092B04DC074B1B680133064A136000BF46
:101C00000C37BD4680BC70475C02002034020020C7
:101C1000676666666002002080B582B000AF4FF054
:101C200000037B6000233B600CE0144A3B6852F8E1
:101C3000233019467868FEF7A7FF03467B603B68B0
:101C400001333B600E4B1B683A689A42EDDB0C4B4C
:101C50001B68002B0BDD0A4B1B681846FFF748F882
:101C6000034619467868FFF74BF9034601E04FF049
:101C7000000318460837BD4680BD00BF340200206F
:101C80006002002080B584B000AF7860274B1B68ED
:101C90004FF07E511846FEF777FF03461A46244B55
:101CA0001B6819461046FFF777F80346FB601F4B89
:101CB0001B6819464FF07E50FEF764FF03461A4634
:101CC0001B4B1B6819461046FFF766F80346BB60BE
:101CD000F9687868FFF71CFA0346002B0AD0012246
:101CE0000221144801F0E7FD00220421114801F00F
:101CF000E2FD16E0B9687868FFF7ECF90346002BBF
:101D00000AD0002202210B4801F0D5FD0122042156
:101D1000084801F0D0FD04E000220621054801F04A
:101D2000CAFD00BF1037BD4680BD00BF04000020C3
:101D3000000000200008014080B582B000AF0821FB
:101D4000344801F0A1FD0346012B0CBF0123002301
:101D5000DBB2FB7110212F4801F096FD0346012BE9
:101D60000CBF01230023DBB2BB7100F0C3FD386060
:101D7000FB79002B02D1BB79002B06D0264A3B68A9
:101D80001360264B01221A7011E0244B1B78002BA4
:101D90000DD0214B1B683A68D31A41F28732934227
:101DA00005D91E4B00221A701D4B00221A701B4BC6
:101DB0001B78002B24D0FB79002B14BF01230023B8
:101DC000DBB21A462021134801F075FDBB79002BC8
:101DD00014BF01230023DBB21A4640210D4801F055
:101DE0006AFD0F4B1B78002B04D18021094801F0BC
:101DF0007AFD0AE000228021064801F05CFD04E043
:101E00000022E021034801F056FD00BF0837BD461F
:101E100080BD00BF0008014064020020680200206D
:101E20006902002080B586B000AF07F108030022E8
:101E30001A605A609A60DA60274B9B69264A43F021
:101E400004039361244B9B6903F004037B607B686C
:101E5000214B9B69204A43F0080393611E4B9B6909
:101E600003F008033B603B680022E6211B4801F0B9
:101E700022FD00224FF47C41194801F01CFDE623AD
:101E8000BB600123FB6000233B6102237B6107F100
:101E900008031946114801F073FB1823BB600023A7
:101EA000FB6002233B6107F1080319460B4801F070
:101EB00067FB4FF47C43BB600123FB6000233B6165
:101EC00002237B6107F108031946054801F058FB1E
:101ED00000BF1837BD4680BD001002400008014019
:101EE000000C014080B500AF124B134A1A60114B31
:101EF000124A5A600F4B00229A600E4B0022DA60A1
:101F00000C4B4FF480421A610A4B00225A61094B74
:101F100000229A61074B0022DA61064B00221A6206
:101F2000044801F0F9FC0346002B01D000F042FA0E
:101F300000BF80BD9002002000540040A086010038
:101F400080B588B000AF786007F1100300221A60F6
:101F50005A609A60DA607B681B68154A934223D105
:101F6000144B9B69134A43F008039361114B9B691F
:101F700003F00803FB60FB68C0233B6112237B6115
:101F80000323FB6107F1100319460B4801F0F8FA2F
:101F9000084BDB69074A43F40013D361054BDB6947
:101FA00003F40013BB60BB6800BF2037BD4680BD93
:101FB0000054004000100240000C014080B500AF0A
:101FC00001224FF40061084801F075FC012000F087
:101FD0009BFC00224FF40061034801F06CFC0120DF
:101FE00000F092FC00BF80BD000C014080B582B0C3
:101FF00000AF0346FB71FB7903F00103DBB21A4625
:102000004FF48051164801F056FCFB795B08DBB2B7
:1020100003F00103DBB21A464FF40051104801F0FF
:102020004AFCFB799B08DBB203F00103DBB21A46E2
:102030004FF480410A4801F03EFCFB79DB08DBB23B
:1020400003F00103DBB21A464FF40041044801F0EB
:1020500032FCFFF7B3FF00BF0837BD4680BD00BFAD
:10206000000C014080B582B000AF0346FB71002236
:102070004FF48061094801F01EFCFB791B09DBB2BB
:102080001846FFF7B3FFFB7903F00F03DBB21846E6
:10209000FFF7ACFF00BF0837BD4680BD000C014014
:1020A00080B582B000AF0346FB7101224FF480611E
:1020B000094801F000FCFB791B09DBB21846FFF769
:1020C00095FFFB7903F00F03DBB21846FFF78EFF95
:1020D00000BF0837BD4680BD000C014080B584B00C
:1020E00000AF03463960FB71FB79072B17D8FB79EA
:1020F0000833DBB2DB00DBB21846FFF7B3FF002387
:10210000FB6009E0FB683A6813441B781846FFF748
:10211000C7FFFB680133FB60FB68072BF2DD00BFE4
:102120001037BD4680BD000080B500AF322000F002
:10213000EBFB0320FFF75AFF052000F0E5FB03202F
:10214000FFF754FF012000F0DFFB0320FFF74EFFF5
:102150000A2000F0D9FB0220FFF748FF0A2000F018
:10216000D3FB2820FFF77EFF012000F0CDFB0C20E1
:10217000FFF778FF012000F0C7FB0620FFF772FF92
:10218000012000F0C1FB0120FFF76CFF022000F0EE
:10219000BBFB06490020FFF7A1FF05490120FFF71F
:1021A0009DFF8020FFF75EFF00BF80BD68A700088D
:1021B00070A7000880B582B000AF786006E07B6849
:1021C0005A1C7A601B781846FFF76AFF7B681B78F9
:1021D000002BF4D100BF00BF0837BD4680BD80B5DD
:1021E00000AF0120FFF73EFF022000F08DFB00BF93
:1021F00080BD000080B582B000AF786039607B6838
:10220000032B2BD801A252F823F000BF1D22000897
:102210002D2200083D2200084D2200083B68DBB259
:10222000803BDBB21846FFF71DFF17E03B68DBB2CF
:10223000403BDBB21846FFF715FF0FE03B68DBB20F
:102240006C3BDBB21846FFF70DFF07E03B68DBB2E3
:102250002C3BDBB21846FFF705FF00BF00BF083775
:10226000BD4680BD80B582B000AF00F0EBFA00F053
:102270002DF8FFF7D7FDFEF78BFF00F03FFA00F0D7
:102280009FF8FFF72FFE0D4A0D490E48FFF712F891
:1022900001220D490A4803F08EF800237B6000F00C
:1022A00029FB38603A687B68D31AB3F57A7FF6D396
:1022B000FFF79CF83B687B60F1E700BFE802002075
:1022C00000030020F8010020E402002080B594B053
:1022D00000AF07F1280328220021184604F0BBFDB7
:1022E00007F1140300221A605A609A60DA601A61DA
:1022F0003B1D00221A605A609A60DA600A23BB62B2
:102300000123BB631023FB6301233B6400237B6435
:1023100007F12803184601F04FFC0346002B01D0BB
:1023200000F048F80F237B610023BB610023FB61B1
:1023300000233B6200237B6207F11403002118464F
:1023400001F0BCFE0346002B01D000F033F803235C
:102350007B604FF40073BB600023FB603B1D18469D
:1023600002F03AF80346002B01D000F023F800BF3A
:102370005037BD4680BD000080B582B000AF7860A8
:102380007B681B68084A934209D1084B1B781846A2
:10239000FEF7D6FF01220549054803F00CF800BFFF
:1023A0000837BD4680BD00BF00380140E402002070
:1023B0000003002080B400AF72B600BF00BFFDE78D
:1023C00080B582B000AF3B1D00210A461A800A4644
:1023D0009A7000233B601D4B1D4A1A601B4B4FF047
:1023E000FF325A60194B4FF480729A60174802F01E
:1023F0005FF90346002B01D0FFF7DCFF00233B71A0
:1024000000237B710023BB713B1D012219460F483D
:1024100002F0DAF90346002B01D0FFF7CBFF0123CE
:102420003B7001237B700123BB700023FB703B4694
:1024300001221946054802F037FB0346002B01D064
:10244000FFF7B8FF00BF0837BD4680BDE802002097
:102450000028004080B584B000AF78607B681B68BE
:102460000B4A934210D101F09BFB0A4BDB69094AEE
:1024700043F00063D361074BDB6903F00063FB604B
:10248000FB68054B01221A6000BF1037BD4680BDB6
:1024900000280040001002403C04424280B485B055
:1024A00000AF154B9B69144A43F001039361124B33
:1024B0009B6903F00103BB60BB680F4BDB690E4AED
:1024C00043F08053D3610C4BDB6903F080537B6096
:1024D0007B680A4B5B68FB60FB6823F0E063FB6092
:1024E000FB6843F08063FB60044AFB68536000BFF5
:1024F0001437BD4680BC7047001002400000014008
:1025000080B400AF00BFFDE780B400AF00BFFDE7BF
:1025100080B400AF00BFFDE780B400AF00BFFDE7AF
:1025200080B400AF00BFFDE780B400AF00BFBD4680
:1025300080BC704780B400AF00BFBD4680BC704710
:1025400080B400AF00BFBD4680BC704780B500AF0F
:1025500000F0BEF900BF80BD80B500AF024802F0B8
:102560004FFF00BF80BD00BF0003002080B400AF5C
:1025700001231846BD4680BC704780B582B000AFCD
:102580007860396004F0CCFC034616221A604FF0E4
:10259000FF3318460837BD4680BD80B582B000AF16
:1025A00078604FF0FF317868FFF7E7FF00BFFDE785
:1025B00080B586B000AFF860B9607A6000237B61B7
:1025C0000AE0AFF300800146BB685A1CBA60CAB289
:1025D0001A707B6901337B617A697B689A42F0DB10
:1025E0007B6818461837BD4680BD80B586B000AF01
:1025F000F860B9607A6000237B6109E0BB685A1C0F
:10260000BA601B781846AFF300807B6901337B61A9
:102610007A697B689A42F1DB7B6818461837BD46B9
:1026200080BD80B483B000AF78604FF0FF331846B0
:102630000C37BD4680BC704780B483B000AF786073
:1026400039603B684FF400525A60002318460C373B
:10265000BD4680BC704780B483B000AF7860012372
:1026600018460C37BD4680BC704780B485B000AFBB
:10267000F860B9607A60002318461437BD4680BC04
:102680007047000080B586B000AF7860144A154BE3
:10269000D31A7B617B693B61134B1B68002B02D112
:1026A000114B124A1A60104B1A687B6813443A693E
:1026B0009A4207D204F034FC03460C221A604FF011
:1026C000FF3309E0084B1B68FB60074B1A687B6807
:1026D0001344054A1360FB6818461837BD4680BD91
:1026E0000050002000040000FC020020980400209C
:1026F00080B400AF00BFBD4680BC704780B500AF5E
:10270000114B124A1A60104B4FF416525A600E4B7E
:1027100000229A600C4B0022DA600B4B00221A61F7
:10272000094B0C225A61084B00229A61064B002289
:10273000DA61054802F064FD0346002B01D0FFF783
:1027400039FE00BF80BD00BF0003002000380140FB
:1027500080B588B000AF786007F1100300221A60DE
:102760005A609A60DA607B681B68204A934239D1CC
:102770001F4B9B691E4A43F4804393611C4B9B692A
:1027800003F48043FB60FB68194B9B69184A43F0D4
:1027900004039361164B9B6903F00403BB60BB68A1
:1027A0004FF400733B6102237B610323FB6107F15C
:1027B000100319460F4800F0E3FE4FF480633B61BD
:1027C00000237B610023BB6107F110031946094810
:1027D00000F0D6FE00220021252000F0E8FD252093
:1027E00000F001FE00BF2037BD4680BD003801402B
:1027F0000010024000080140FFF77AFF0B480C4927
:102800000C4A002302E0D458C4500433C4188C424C
:10281000F9D3094A094C002301E013600432A242B3
:10282000FBD304F083FBFFF71DFD70470000002081
:10283000DC010020ECAB0008DC0100209804002043
:10284000FEE7000080B500AF084B1B68074A43F065
:1028500010031360032000F09FFD0F2000F008F824
:10286000FFF71CFE0023184680BD00BF0020024079
:1028700080B582B000AF7860124B1A68124B1B789B
:1028800019464FF47A73B3FBF1F3B2FBF3F3184636
:1028900000F0B7FD0346002B01D001230EE07B685A
:1028A0000F2B0AD8002279684FF0FF3000F07FFD2F
:1028B000064A7B681360002300E0012318460837AE
:1028C000BD4680BD08000020100000200C00002044
:1028D00080B400AF054B1B781A46054B1B681344A8
:1028E000034A136000BFBD4680BC70471000002043
:1028F0004803002080B400AF024B1B681846BD4659
:1029000080BC70474803002080B584B000AF786079
:10291000FFF7F0FFB8607B68FB60FB68B3F1FF3F37
:1029200005D00A4B1B781A46FB681344FB6000BFB6
:10293000FFF7E0FF0246BB68D31AFA689A42F7D85D
:1029400000BF00BF1037BD4680BD00BF1000002093
:1029500080B586B000AF78600023FB7500233B6133
:102960000023BB600023FB607B68002B01D10123A7
:10297000BEE07B689B68002B7B689B6A002B09D1BB
:102980007B680022DA627B68002283F82420786862
:10299000FEF73CFC786800F0F1FB0346FB757B68B2
:1029A0009B6A03F01003002B40F09980FB7D002B05
:1029B00040F095807B689B6A23F4885323F00203E0
:1029C00043F002027B689A627B685A687B68DB6925
:1029D0001A437B681B7B5B001343BA681343BB60DD
:1029E0007B689B68B3F5807F03D07B689B68012B75
:1029F00002D14FF4807300E000233A6913433B6136
:102A00007B681B7D012B19D17B681B7B002B09D1B7
:102A10007B689B69013B5A033B69134343F40063A2
:102A20003B610BE07B689B6A43F020027B689A6203
:102A30007B68DB6A43F001027B68DA627B681B68B3
:102A40005B6823F469417B681B683A690A435A60F2
:102A50007B681B689A68284B13407A681268B968CB
:102A60000B4393607B689B68B3F5807F03D07B68E2
:102A70009B68012B04D17B681B69013B1B05FB6034
:102A80007B681B68DB6A23F470017B681B68FA684B
:102A90000A43DA627B681B689A68184B1340BA686D
:102AA0009A420BD17B680022DA627B689B6A23F032
:102AB000030343F001027B689A6218E07B689B6A1B
:102AC00023F0120343F010027B689A627B68DB6A92
:102AD00043F001027B68DA620123FB7507E07B6843
:102AE0009B6A43F010027B689A620123FB75FB7DB1
:102AF00018461837BD4680BDFDF7E1FFFE0E1FFFEB
:102B000080B584B000AF78600023FB737B6893F8D6
:102B10002430012B01D1022398E07B68012283F845
:102B20002420786800F0D0FA0346FB73FB7B002B6F
:102B300040F087807B689B6A23F4407323F0010395
:102B400043F480727B689A627B681B68414A9342B7
:102B500005D1414B5B6803F47023002B15D17B68D2
:102B60009B6A23F480127B689A627B681B685B68AF
:102B700003F48063002B26D07B689B6A23F44053C8
:102B800043F480527B689A621DE07B689B6A43F441
:102B900080127B689A627B681B682F4A934204D03C
:102BA0007B681B682B4A93420DD12B4B5B6803F467
:102BB0008063002B07D07B689B6A23F4405343F467
:102BC00080527B689A627B689B6A03F48053002B77
:102BD00006D07B68DB6A23F006027B68DA6202E0DB
:102BE0007B680022DA627B68002283F824207B68FD
:102BF0001B686FF002021A607B681B689B6803F415
:102C00006023B3F5602F13D17B681B68114A934290
:102C100005D1114B5B6803F47023002B08D17B684E
:102C20001B689A687B681B6842F4A0029A600CE0FB
:102C30007B681B689A687B681B6842F480129A6004
:102C400003E07B68002283F82420FB7B18461037C2
:102C5000BD4680BD002801400024014080B584B0FD
:102C600000AF78600023FB737B6893F82430012B5E
:102C700001D102231AE07B68012283F824207868BE
:102C800000F07CFA0346FB73FB7B002B09D17B68C9
:102C90009B6A23F4885323F0010343F001027B680D
:102CA0009A627B68002283F82420FB7B1846103749
:102CB000BD4680BD90B587B000AF78603960002315
:102CC0007B610023FB6000233B61FFF713FE78610B
:102CD0007B681B689B6803F48073002B0BD07B68B8
:102CE0009B6A43F020027B689A627B68002283F82B
:102CF00024200123D3E07B681B685B6803F48073A6
:102D0000002B31D17B681B68DB6A03F47003002B56
:102D10002AD121E03B68B3F1FF3F1DD03B68002B77
:102D200007D0FFF7E7FD02467B69D31A3A689A425B
:102D300012D27B681B681B6803F00203002B0BD1C7
:102D40007B689B6A43F004027B689A627B6800227E
:102D500083F824200323A2E07B681B681B6803F030
:102D60000203002BD6D070E04F4B1C68022001F00C
:102D7000E9FB0346B4FBF3F27B681B6819694B4B14
:102D80000B40002B18D17B681B68D968484B0B405F
:102D9000002B11D17B681B681969464B0B40002B37
:102DA00008D17B681B68D968434B0B40002B01D1CD
:102DB000142320E029231EE07B681B6819693D4B22
:102DC0000B40002B06D17B681B68D9683A4B0B403F
:102DD000002B0DD07B681B681969384B0B40002B0A
:102DE00008D17B681B68D968344B0B40002B01D19C
:102DF000542300E0FC2302FB03F33B6121E03B682A
:102E0000B3F1FF3F1AD03B68002B07D0FFF772FDEC
:102E100002467B69D31A3A689A420FD2FB683A6934
:102E20009A420BD97B689B6A43F004027B689A62E2
:102E30007B68002283F82420032330E0FB68013301
:102E4000FB60FB683A699A42D9D87B681B686FF0CF
:102E500012021A607B689B6A43F400727B689A6274
:102E60007B681B689B6803F46023B3F5602F15D162
:102E70007B681B7B002B11D17B689B6A23F48072DB
:102E80007B689A627B689B6A03F48053002B05D1B0
:102E90007B689B6A43F001027B689A6200231846B4
:102EA0001C37BD4690BD00BF080000202449922475
:102EB0002449920092244912922449004992240004
:102EC00080B483B000AF78607B681B68DB6C184609
:102ED0000C37BD4680BC704780B485B000AF7860C9
:102EE00039600023FB730023BB607B6893F82430B8
:102EF000012B01D10223DCE07B68012283F824202E
:102F00003B685B68062B1CD87B681B68596B3B6869
:102F10005A6813469B001344053B1F2202FA03F331
:102F2000DB4319403B6818683B685A6813469B00AE
:102F30001344053B00FA03F27B681B680A435A639B
:102F40003CE03B685B680C2B1CD87B681B68196BEA
:102F50003B685A6813469B001344233B1F2202FA26
:102F600003F3DB4319403B6818683B685A68134613
:102F70009B001344233B00FA03F27B681B680A435F
:102F80001A631BE07B681B68D96A3B685A68134662
:102F90009B001344413B1F2202FA03F3DB43194019
:102FA0003B6818683B685A6813469B001344413BD2
:102FB00000FA03F27B681B680A43DA623B681B680D
:102FC000092B1CD97B681B68D9683B681A681346B3
:102FD0005B0013441E3B072202FA03F3DB43194054
:102FE0003B6898683B681A6813465B0013441E3BB5
:102FF00000FA03F27B681B680A43DA6019E07B6819
:103000001B6819693B681A6813465B001344072262
:1030100002FA03F3DB4319403B6898683B681A687F
:1030200013465B00134400FA03F27B681B680A43F3
:103030001A613B681B68102B03D03B681B68112B7F
:1030400032D17B681B681D4A934225D17B681B687F
:103050009B6803F40003002B26D17B681B689A68E9
:103060007B681B6842F400029A603B681B68102B67
:103070001AD1134B1B68134AA2FB03239A0C134665
:103080009B0013445B00BB6002E0BB68013BBB607C
:10309000BB68002BF9D107E07B689B6A43F02002F4
:1030A0007B689A620123FB737B68002283F82420EB
:1030B000FB7B18461437BD4680BC70470024014096
:1030C0000800002083DE1B4380B584B000AF786029
:1030D0000023FB600023BB607B681B689B6803F0D8
:1030E0000103012B40D07B681B689A687B681B68D2
:1030F00042F001029A601F4B1B681F4AA2FB032388
:103100009B0CBB6002E0BB68013BBB60BB68002B53
:10311000F9D1FFF7EFFBF8601FE0FFF7EBFB02468A
:10312000FB68D31A022B18D97B681B689B6803F0D5
:103130000103012B11D07B689B6A43F010027B686E
:103140009A627B68DB6A43F001027B68DA627B6823
:10315000002283F82420012307E07B681B689B681A
:1031600003F00103012BD8D1002318461037BD46C8
:1031700080BD00BF0800002083DE1B4380B584B003
:1031800000AF78600023FB607B681B689B6803F0DE
:103190000103012B2ED17B681B689A687B681B6832
:1031A00022F001029A60FFF7A5FBF8601BE0FFF731
:1031B000A1FB0246FB68D31A022B14D97B681B685B
:1031C0009B6803F00103012B0DD17B689B6A43F0E0
:1031D00010027B689A627B68DB6A43F001027B68BD
:1031E000DA62012307E07B681B689B6803F0010338
:1031F000012BDCD0002318461037BD4680BD0000EF
:1032000080B485B000AF78607B6803F00703FB6093
:103210000C4BDB68BB60BA684FF6FF031340BB6022
:10322000FB681A02BB68134343F0BF6343F40033E7
:10323000BB60044ABB68D36000BF1437BD4680BC86
:10324000704700BF00ED00E080B400AF044BDB68C6
:103250001B0A03F007031846BD4680BC704700BF39
:1032600000ED00E080B483B000AF0346FB7197F936
:103270000730002B0BDBFB7903F01F02064997F99F
:1032800007305B09012000FA02F241F8232000BF59
:103290000C37BD4680BC704700E100E080B483B0CD
:1032A00000AF03463960FB7197F90730002B0ADB4A
:1032B0003B68DAB20C4997F907301201D2B20B44DD
:1032C00083F800230AE03B68DAB20849FB7903F08F
:1032D0000F03043B1201D2B20B441A7600BF0C3725
:1032E000BD4680BC704700BF00E100E000ED00E09B
:1032F00080B489B000AFF860B9607A60FB6803F011
:103300000703FB61FB69C3F10703042B28BF0423F8
:10331000BB61FB690433062B02D9FB69033B00E068
:1033200000237B614FF0FF32BB6902FA03F3DA43FB
:10333000BB681A407B699A404FF0FF317B6901FA04
:1033400003F3D9437B680B40134318462437BD462B
:1033500080BC704780B582B000AF78607B68013B6D
:10336000B3F1807F01D301230FE00A4A7B68013B60
:1033700053600F214FF0FF30FFF790FF054B002205
:103380009A60044B07221A60002318460837BD468E
:1033900080BD00BF10E000E080B582B000AF786073
:1033A0007868FFF72DFF00BF0837BD4680BD80B5A8
:1033B00086B000AF0346B9607A60FB7300237B617F
:1033C000FFF742FF78617A68B9687869FFF790FF84
:1033D000024697F90F3011461846FFF75FFF00BF0E
:1033E0001837BD4680BD80B582B000AF0346FB7183
:1033F00097F907301846FFF735FF00BF0837BD467D
:1034000080BD80B582B000AF78607868FFF7A2FF1A
:10341000034618460837BD4680BD80B485B000AF6E
:1034200078600023FB737B6893F82130DBB2022BBA
:1034300008D07B6804229A637B68002283F82020EE
:10344000012320E07B681B681A687B681B6822F0F8
:103450000E021A607B681B681A687B681B6822F082
:1034600001021A607B681A6C7B68DB6B012101FA30
:1034700002F25A607B68012283F821207B680022D7
:1034800083F82020FB7B18461437BD4680BC70476C
:1034900080B584B000AF78600023FB737B6893F83D
:1034A0002130DBB2022B05D07B6804229A63012312
:1034B000FB7351E07B681B681A687B681B6822F00D
:1034C0000E021A607B681B681A687B681B6822F012
:1034D00001021A607B681B68224A934229D07B68EC
:1034E0001B68214A934222D07B681B681F4A934283
:1034F0001AD07B681B681E4A934212D07B681B68F7
:103500001C4A93420AD07B681B681B4A934202D133
:103510004FF480130EE04FF080730BE04FF48033D4
:1035200008E04FF4805305E04FF4807302E010236D
:1035300000E00123114A53607B68012283F82120B7
:103540007B68002283F820207B685B6B002B03D014
:103550007B685B6B78689847FB7B18461037BD46E5
:1035600080BD00BF080002401C0002403000024045
:1035700044000240580002406C000240000002403B
:1035800080B48BB000AF7860396000237B62002389
:103590003B6269E101227B6A02FA03F3FB613B684B
:1035A0001B68FA691340BB61BA69FB699A4240F033
:1035B00058813B685B689A4A93425ED0984A93422E
:1035C00075D8984A934258D0964A93426FD8964AF3
:1035D000934252D0944A934269D8944A93424CD031
:1035E000924A934263D8924A934246D0904A934279
:1035F0005DD8122B2AD8122B59D801A252F823F0E9
:103600007B3600085536000867360008A9360008E2
:10361000AF360008AF360008AF360008AF360008F6
:10362000AF360008AF360008AF360008AF360008E6
:10363000AF360008AF360008AF360008AF360008D6
:10364000AF3600085D36000871360008794A9342AB
:1036500013D02CE03B68DB683B6229E03B68DB6809
:1036600004333B6224E03B68DB6808333B621FE0C5
:103670003B68DB680C333B621AE03B689B68002BBD
:1036800002D104233B6213E03B689B68012B05D108
:1036900008233B627B68FA691A6109E008233B62F0
:1036A0007B68FA695A6103E000233B6200E000BFD7
:1036B000BB69FF2B01D87B6801E07B6804337B6129
:1036C000BB69FF2B02D87B6A9B0002E07B6A083B48
:1036D0009B003B617B691A680F213B6901FA03F388
:1036E000DB431A40396A3B6901FA03F31A437B69E9
:1036F0001A603B685B6803F08053002B00F0B180D8
:103700004D4B9B694C4A43F0010393614A4B9B69C3
:1037100003F00103BB60BB68484A7B6A9B08023325
:1037200052F82330FB607B6A03F003039B000F22F7
:1037300002FA03F3DB43FA681340FB607B68404AFC
:10374000934213D07B683F4A93420DD07B683E4A38
:10375000934207D07B683D4A934201D1032306E0A0
:10376000042304E0022302E0012300E000237A6A3C
:1037700002F0030292009340FA681343FB602F4962
:103780007B6A9B080233FA6841F823203B685B6838
:1037900003F48013002B06D02D4B9A682C49BB698B
:1037A00013438B6006E02A4B9A68BB69DB432849C8
:1037B00013408B603B685B6803F40013002B06D05A
:1037C000234BDA682249BB691343CB6006E0204BE8
:1037D000DA68BB69DB431E491340CB603B685B681A
:1037E00003F40033002B06D0194B5A681849BB6903
:1037F00013434B6006E0164B5A68BB69DB43144920
:1038000013404B603B685B6803F48033002B21D08E
:103810000F4B1A680E49BB6913430B6021E000BFD0
:1038200000003210000031100000221000002110B2
:1038300000001210000011100010024000000140B2
:1038400000080140000C014000100140001401403C
:10385000000401400B4B1A68BB69DB430949134064
:103860000B607B6A01337B623B681A687B6A22FAD1
:1038700003F3002B7FF48EAE00BF00BF2C37BD4694
:1038800080BC70470004014080B485B000AF786010
:103890000B467B807B689A687B881340002B02D0A4
:1038A0000123FB7301E00023FB73FB7B18461437F5
:1038B000BD4680BC704780B483B000AF78600B46D3
:1038C0007B8013467B707B78002B03D07A887B68E3
:1038D0001A6103E07B881A047B681A6100BF0C3709
:1038E000BD4680BC704780B485B000AF78600B46A1
:1038F0007B807B68DB68FB607A88FB6813401A0476
:10390000FB68D9437B880B401A437B681A6100BF70
:103910001437BD4680BC704780B584B000AF786076
:103920007B68002B01D101232BE17B6893F83D30AC
:10393000DBB2002B06D17B68002283F83C2078683C
:10394000FEF7FEFA7B68242283F83D207B681B6823
:103950001A687B681B6822F001021A607B681B688A
:103960001A687B681B6842F400421A607B681B6817
:103970001A687B681B6822F400421A6000F0E6FCBB
:10398000F8607B685B68814A934207D8FB68804A8D
:10399000934294BF01230023DBB206E0FB687D4A1B
:1039A000934294BF01230023DBB2002B01D00123FB
:1039B000E7E0FB68784AA2FB03239B0CBB607B68B3
:1039C0001B685B6823F03F017B681B68BA680A4389
:1039D0005A607B681B681B6A23F03F017B685B6849
:1039E0006A4A934202D8BB68013309E0BB684FF4CE
:1039F000967202FB03F3694AA2FB03239B0901337E
:103A00007A6812680B4313627B681B68DB6923F4D6
:103A10004F4222F0FF027B685B685C498B4219D8F9
:103A2000FB68591E7B685B685B00B1FBF3F3591CB4
:103A300040F6FC730B40002B0AD0FB68591E7B68D4
:103A40005B685B00B1FBF3F30133C3F30B0351E09D
:103A500004234FE07B689B68002B11D1FB68581E44
:103A60007B6859680B465B000B44B0FBF3F30133F2
:103A7000C3F30B03002B0CBF01230023DBB212E0C6
:103A8000FB68581E7B6859680B469B000B449900E5
:103A90000B44B0FBF3F30133C3F30B03002B0CBF58
:103AA00001230023DBB2002B01D0012322E07B683D
:103AB0009B68002B0ED1FB68581E7B6859680B462B
:103AC0005B000B44B0FBF3F30133C3F30B0343F48C
:103AD00000430FE0FB68581E7B6859680B469B004B
:103AE0000B4499000B44B0FBF3F30133C3F30B0316
:103AF00043F44043796809681343CB617B681B68D2
:103B00001B6823F0C0017B68DA697B681B6A1A4373
:103B10007B681B680A431A607B681B689B6823F4F8
:103B2000034323F0FF037A6811697A68D26811436E
:103B30007A6812680B4393607B681B68DB6823F02C
:103B4000FF017B685A697B689B691A437B681B6825
:103B50000A43DA607B681B681A687B681B6842F05E
:103B600001021A607B6800221A647B68202283F8B5
:103B70003D207B6800221A637B68002283F83E2088
:103B8000002318461037BD4680BD00BFA086010047
:103B90007F841E00FF083D0083DE1B43D34D62106F
:103BA00080B400AF034B01221A6000BFBD4680BC49
:103BB000704700BF20000E4280B586B000AF78602D
:103BC0007B68002B01D1012372E27B681B6803F044
:103BD0000103002B00F08780924B5B6803F00C031D
:103BE000042B0CD08F4B5B6803F00C03082B12D115
:103BF0008C4B5B6803F48033B3F5803F0BD1894B6A
:103C00001B6803F40033002B6CD07B685B68002BCF
:103C100068D101234CE27B685B68B3F5803F06D135
:103C2000804B1B687F4A43F4803313602EE07B682F
:103C30005B68002B0CD17B4B1B687A4A23F48033E2
:103C40001360784B1B68774A23F4802313601DE0D0
:103C50007B685B68B3F5A02F0CD1724B1B68714A6F
:103C600043F4802313606F4B1B686E4A43F4803328
:103C700013600BE06B4B1B686A4A23F480331360BC
:103C8000684B1B68674A23F4802313607B685B687A
:103C9000002B13D0FEF72EFE386108E0FEF72AFE57
:103CA00002463B69D31A642B01D9032300E25D4B22
:103CB0001B6803F40033002BF0D014E0FEF71AFE6B
:103CC000386108E0FEF716FE02463B69D31A642B02
:103CD00001D90323ECE1534B1B6803F40033002BA1
:103CE000F0D100E000BF7B681B6803F00203002BEB
:103CF00063D04C4B5B6803F00C03002B0BD0494B9B
:103D00005B6803F00C03082B1CD1464B5B6803F483
:103D10008033002B16D1434B1B6803F00203002BAA
:103D200005D07B681B69012B01D00123C0E13D4B0D
:103D30001B6823F0F8027B685B69DB003949134399
:103D40000B603AE07B681B69002B20D0364B0122C8
:103D50001A60FEF7CFFD386108E0FEF7CBFD0246A2
:103D60003B69D31A022B01D90323A1E12D4B1B6818
:103D700003F00203002BF0D02A4B1B6823F0F8025B
:103D80007B685B69DB00274913430B6015E0264B1A
:103D900000221A60FEF7AEFD386108E0FEF7AAFDCA
:103DA00002463B69D31A022B01D9032380E11D4B44
:103DB0001B6803F00203002BF0D17B681B6803F043
:103DC0000803002B3AD07B689B69002B19D0174B56
:103DD00001221A60FEF78EFD386108E0FEF78AFDC9
:103DE00002463B69D31A022B01D9032360E10D4B34
:103DF0005B6A03F00203002BF0D0012000F0CEFA42
:103E00001CE00A4B00221A60FEF774FD38610FE0D7
:103E1000FEF770FD02463B69D31A022B08D9032333
:103E200046E100BF001002400000424280044242CE
:103E3000924B5B6A03F00203002BE9D17B681B689D
:103E400003F00403002B00F0A6800023FB758B4BCE
:103E5000DB6903F08053002B0DD1884BDB69874A67
:103E600043F08053D361854BDB6903F08053BB6023
:103E7000BB680123FB75824B1B6803F48073002B26
:103E800018D17F4B1B687E4A43F480731360FEF7A2
:103E900031FD386108E0FEF72DFD02463B69D31A7B
:103EA000642B01D9032303E1754B1B6803F4807372
:103EB000002BF0D07B68DB68012B06D16F4B1B6AAF
:103EC0006E4A43F0010313622DE07B68DB68002B30
:103ED0000CD16A4B1B6A694A23F001031362674BDA
:103EE0001B6A664A23F0040313621CE07B68DB68EC
:103EF000052B0CD1614B1B6A604A43F0040313622B
:103F00005E4B1B6A5D4A43F0010313620BE05B4B9F
:103F10001B6A5A4A23F001031362584B1B6A574A23
:103F200023F0040313627B68DB68002B15D0FEF7D7
:103F3000E1FC38610AE0FEF7DDFC02463B69D31A7A
:103F400041F28832934201D90323B1E04B4B1B6A03
:103F500003F00203002BEED014E0FEF7CBFC386137
:103F60000AE0FEF7C7FC02463B69D31A41F28832E9
:103F7000934201D903239BE0404B1B6A03F00203E9
:103F8000002BEED1FB7D012B05D13C4BDB693B4A7D
:103F900023F08053D3617B68DB69002B00F08780BE
:103FA000364B5B6803F00C03082B61D07B68DB6940
:103FB000022B46D1334B00221A60FEF79BFC38617E
:103FC00008E0FEF797FC02463B69D31A022B01D9A1
:103FD00003236DE0294B1B6803F00073002BF0D125
:103FE0007B681B6AB3F5803F08D1244B5B6823F4E0
:103FF00000327B689B68214913434B601F4B5B6811
:1040000023F474127B68196A7B685B6A0B431B4953
:1040100013434B601B4B01221A60FEF76BFC3861A7
:1040200008E0FEF767FC02463B69D31A022B01D970
:1040300003233DE0114B1B6803F00073002BF0D00D
:1040400035E0104B00221A60FEF754FC386108E09E
:10405000FEF750FC02463B69D31A022B01D9032319
:1040600026E0064B1B6803F00073002BF0D11EE026
:104070007B68DB69012B07D1012319E000100240A6
:1040800000700040600042420B4B5B68FB60FB68C5
:1040900003F480327B681B6A9A4206D1FB6803F402
:1040A00070127B685B6A9A4201D0012300E0002312
:1040B00018461837BD4680BD0010024080B584B058
:1040C00000AF786039607B68002B01D10123D0E01C
:1040D0006A4B1B6803F007033A689A4210D9674B92
:1040E0001B6823F0070265493B6813430B60634B71
:1040F0001B6803F007033A689A4201D00123B8E035
:104100007B681B6803F00203002B20D07B681B68D0
:1041100003F00403002B05D0594B5B68584A43F465
:10412000E06353607B681B6803F00803002B05D035
:10413000534B5B68524A43F460535360504B5B6887
:1041400023F0F0027B689B684D4913434B607B680A
:104150001B6803F00103002B40D07B685B68012BD8
:1041600007D1474B1B6803F40033002B15D1012303
:104170007FE07B685B68022B07D1414B1B6803F033
:104180000073002B09D1012373E03D4B1B6803F042
:104190000203002B01D101236BE0394B5B6823F054
:1041A00003027B685B68364913434B60FEF7A2FB52
:1041B000F8600AE0FEF79EFB0246FB68D31A41F264
:1041C0008832934201D9032353E02D4B5B6803F0FF
:1041D0000C027B685B689B009A42EBD1274B1B6803
:1041E00003F007033A689A4210D2244B1B6823F06D
:1041F000070222493B6813430B60204B1B6803F006
:1042000007033A689A4201D0012332E07B681B68B9
:1042100003F00403002B08D0194B5B6823F4E06221
:104220007B68DB68164913434B607B681B6803F0AF
:104230000803002B09D0124B5B6823F460527B68A3
:104240001B69DB000E4913434B6000F021F8024666
:104250000B4B5B681B0903F00F030A49CB5C22FA86
:1042600003F3094A1360094B1B681846FEF700FB6D
:10427000002318461037BD4680BD00BF0020024015
:104280000010024078A70008080000200C00002061
:1042900080B487B000AF0023FB600023BB60002325
:1042A0007B6100237B6000233B611E4B5B68FB60EE
:1042B000FB6803F00C03042B02D0082B03D027E08B
:1042C000194B3B6127E0FB689B0C03F00F03174A77
:1042D000D35C7B60FB6803F48033002B10D0114B60
:1042E0005B685B0C03F00103114AD35CBB607B6825
:1042F0000D4A03FB02F2BB68B2FBF3F37B6104E0FF
:104300007B680C4A02FB03F37B617B693B6102E043
:10431000054B3B6100BF3B6918461C37BD4680BC5E
:10432000704700BF0010024000127A0090A70008FA
:10433000A0A7000800093D0080B400AF024B1B6835
:104340001846BD4680BC70470800002080B500AF0D
:10435000FFF7F2FF0246054B5B681B0A03F00703F9
:104360000349CB5C22FA03F3184680BD00100240DB
:1043700088A7000880B500AFFFF7DEFF0246054BB7
:104380005B68DB0A03F007030349CB5C22FA03F303
:10439000184680BD0010024088A7000880B485B090
:1043A00000AF78600A4B1B680A4AA2FB03235B0A32
:1043B0007A6802FB03F3FB6000BFFB685A1EFA60D9
:1043C000002BF9D100BF00BF1437BD4680BC704739
:1043D00008000020D34D621080B586B000AF786031
:1043E00000233B610023FB607B681B6803F0010333
:1043F000002B7DD00023FB754F4BDB6903F080530E
:10440000002B0DD14C4BDB694B4A43F08053D361F9
:10441000494BDB6903F08053BB60BB680123FB752C
:10442000464B1B6803F48073002B18D1434B1B6869
:10443000424A43F480731360FEF75CFA386108E087
:10444000FEF758FA02463B69D31A642B01D90323BD
:104450006DE03A4B1B6803F48073002BF0D0364BB1
:104460001B6A03F44073FB60FB68002B2ED07B6853
:104470005B6803F44073FA689A4227D02E4B1B6A9C
:1044800023F44073FB602E4B01221A602C4B002258
:104490001A60294AFB681362FB6803F00103002BD2
:1044A00014D0FEF727FA38610AE0FEF723FA024635
:1044B0003B69D31A41F28832934201D9032336E093
:1044C0001D4B1B6A03F00203002BEED01A4B1B6A34
:1044D00023F440727B685B68174913430B62FB7DD2
:1044E000012B05D1144BDB69134A23F08053D361B0
:1044F0007B681B6803F00203002B08D00E4B5B683F
:1045000023F440427B689B680B4913434B607B68F4
:104510001B6803F01003002B08D0074B5B6823F4E3
:1045200080027B68DB68044913434B600023184614
:104530001837BD4680BD00BF00100240007000402B
:104540004004424280B588B000AF786000237B61B0
:104550000023FB6100233B610023FB600023BB6160
:104560007B68102B0AD07B68102B00F28A807B6856
:10457000012B45D07B68022B75D082E0464B5B68EF
:10458000FB60454B1B6803F08073002B7BD0FB68FE
:104590009B0C03F00F03414AD35C3B61FB6803F4BF
:1045A0008033002B15D03C4B5B685B0C03F00103A0
:1045B0003B4AD35C7B61FB6803F48033002B0DD056
:1045C000384A7B69B2FBF3F23B6902FB03F3FB6100
:1045D00004E03B69344A02FB03F3FB612E4B5B684A
:1045E00003F48003B3F5800F02D1FB69BB614AE09D
:1045F000FB695B002D4AA2FB03235B08BB6142E021
:10460000254B1B6AFB60FB6803F44073B3F5807FA6
:1046100008D1FB6803F00203002B03D04FF40043E2
:10462000BB611FE0FB6803F44073B3F5007F09D161
:10463000194B5B6A03F00203002B03D049F6404399
:10464000BB610FE0FB6803F44073B3F5407F1CD1FE
:10465000114B1B6803F40033002B16D04FF2244398
:10466000BB6112E011E0FFF785FE02460A4B5B6872
:104670009B0B03F0030301335B00B2FBF3F3BB615D
:1046800004E000BF02E000BF00E000BFBB691846C5
:104690002037BD4680BD00BF00100240A4A700081F
:1046A000B4A7000800127A0000093D00ABAAAAAA2C
:1046B00080B584B000AF78600023FB607B68002B7E
:1046C00001D101237AE07B685B7CDBB2002B05D152
:1046D0007B6800221A747868FDF7BCFE7B680222B2
:1046E0005A74786800F0EAFA0346002B04D07B681D
:1046F00004225A74012361E0786800F0A3FB0346AA
:10470000002B04D07B6804225A74012356E07B6896
:104710001B685A687B681B6822F007025A607B6836
:104720009B68002B05D0274B1B6B264A23F0010307
:104730001363244BDB6A23F460727B689B68214916
:104740001343CB627B685B68B3F1FF3F03D07B68A8
:104750005B68FB600EE00120FFF7F4FEF860FB6889
:10476000002B04D17B6804225A74012326E0FB68E5
:10477000013BFB60FB681A0C7B681B6802F00F02B0
:104780009A607B681B68FA6892B2DA60786800F019
:1047900081FB0346002B04D07B6804225A7401235A
:1047A0000CE07B680022DA737B6801225A737B6815
:1047B00001229A737B6801225A740023184610372D
:1047C000BD4680BD006C004090B587B000AFF8607A
:1047D000B9607A6000237B6100233B61FB68002B9A
:1047E00002D0BB68002B01D1012380E0FB681B7C59
:1047F000012B01D102237AE0FB6801221A74FB68C5
:1048000002225A747B68002B13D1BB681B781A46AE
:104810004FF4616303FB02F2BB685B7819460B46F9
:104820001B015B1A9B001344BA68927813447B61A6
:104830001EE0BB681B78184600F071FB03461A4661
:104840004FF4616303FB02F4BB685B78184600F029
:1048500066FB03461A4613461B019B1A9B001C4429
:10486000BB689B78184600F05AFB034623447B61E3
:104870007969F86800F07FFA0346002B07D0FB68DF
:1048800004225A74FB6800221A7401232FE0FB688B
:104890001B685A68FB681B6822F005025A60F868BA
:1048A00000F090FA38613B69B3F1FF3F18D03A69E4
:1048B0007B699A4214D23B6903F5A83303F5C073B0
:1048C0003B613969F86800F096FA0346002B07D07F
:1048D000FB6804225A74FB6800221A74012306E064
:1048E000FB6801225A74FB6800221A7400231846E0
:1048F0001C37BD4690BD000080B588B000AFF860A1
:10490000B9607A600023BB610023FB6100237B61F7
:1049100000233B61FB68002B02D0BB68002B01D158
:104920000123B5E0FB681B685B6803F00403002B00
:1049300001D00123ACE0F86800F0EDF9B861BB6983
:10494000554AA2FB0323DB0A3B61BA69524BA3FB26
:104950000213DB0A4FF4616101FB03F3D31A4F4AE0
:10496000A2FB03235B09DAB2BB685A70BB694A4AEF
:10497000A2FB0312D20A4FF4616101FB02F29A1A00
:10498000464BA3FB021359090B461B015B1A9B0004
:10499000D11ACAB2BB689A703B69172B55D93B69CB
:1049A0003F4AA2FB03231B097B6139693C4BA3FBF4
:1049B00001231A0913465B001344DB00CA1AD2B262
:1049C000BB681A70F86800F0FDF9F861FB69B3F193
:1049D000FF3F08D0FA69BB699A4204D9FA69BB69FA
:1049E000D31AFB6102E04FF0FF33FB617B692D4A74
:1049F00002FB03F3BA69D31ABB61B969F86800F026
:104A0000BAF90346002B01D0012341E0FB69B3F161
:104A1000FF3F0CD0FA69BB691344FB61F969F86880
:104A200000F0E9F90346002B0AD0012330E0F969D0
:104A3000F86800F0E0F90346002B01D0012327E0DD
:104A40007969F86800F088FA03E03B69DAB2BB687C
:104A50001A707B68002B1AD0BB681B78184600F0D0
:104A600041FA03461A46BB681A70BB685B78184661
:104A700000F038FA03461A46BB685A70BB689B7848
:104A8000184600F02FFA03461A46BB689A700023B6
:104A900018462037BD4680BDC5B3A2918988888855
:104AA000ABAAAAAA8051010080B588B000AFF86017
:104AB000B9607A600023FB610023BB6100237B6146
:104AC000FB68002B02D0BB68002B01D1012397E0CB
:104AD000FB681B7C012B01D1022391E0FB680122C2
:104AE0001A74FB6802225A747B68002B0CD1BB68D5
:104AF000DA78FB68DA73BB685A78FB685A73BB686C
:104B00009A78FB689A731AE0BB68DB78184600F065
:104B100006FA03461A46FB68DA73BB685B781846E8
:104B200000F0FDF903461A46FB685A73BB689B7890
:104B3000184600F0F4F903461A46FB689A73FB68BE
:104B4000DB7B1846FB68597BFB689B7B1A4600F0B1
:104B5000DFFA03461A46FB681A73FB681A7BBB68C8
:104B60001A70F86800F0D7F8F861FB69264AA2FBD2
:104B70000323DB0A7B617B69182B3AD97B69234AC3
:104B8000A2FB03231B09224A02FB03F3FA69D31A8F
:104B9000FB61F969F86800F0EEF80346002B07D0D6
:104BA000FB6804225A74FB6800221A74012327E070
:104BB000F86800F007F9B861BB69B3F1FF3F18D09E
:104BC000BA69FB699A4214D2BB6903F5A83303F5AD
:104BD000C073BB61B969F86800F00DF90346002B9A
:104BE00007D0FB6804225A74FB6800221A74012360
:104BF00006E0FB6801225A74FB6800221A74002345
:104C000018462037BD4680BDC5B3A291ABAAAAAA5B
:104C10008051010080B586B000AFF860B9607A605D
:104C200007F1140300210A461A800A469A70FB68AD
:104C3000002B02D0BB68002B01D101233AE007F121
:104C4000140300221946F868FFF756FE0346002BAE
:104C500001D001232EE0FB681A7BBB681A70FB6849
:104C6000DA7BBB68DA70FB685A7BBB685A70FB68FA
:104C70009A7BBB689A707B68002B1AD0BB68DB7884
:104C8000184600F02FF903461A46BB68DA70BB6875
:104C90005B78184600F026F903461A46BB685A703E
:104CA000BB689B78184600F01DF903461A46BB689E
:104CB0009A70002318461837BD4680BD80B584B071
:104CC00000AF78600023FB607B68002B01D10123DB
:104CD0001DE07B681B685A687B681B6822F008022D
:104CE0005A60FDF707FEF86009E0FDF703FE024693
:104CF000FB68D31AB3F57A7F01D9032307E07B68F9
:104D00001B685B6803F00803002BEED000231846F5
:104D10001037BD4680BD80B487B000AF78600023F7
:104D20007B8200233B820023FB8100237B617B6825
:104D30001B689B697B827B681B68DB69FB817B68E6
:104D40001B689B693B827A8A3B8A9A4208D03B8ADD
:104D50001A047B681B68DB699BB213437B6104E028
:104D60007B8A1A04FB8913437B617B6918461C37D5
:104D7000BD4680BC704780B584B000AF78603960B4
:104D80000023FB73786800F05DF80346002B02D027
:104D90000123FB7311E07B681B683A68120C9A616F
:104DA0007B681B683A6892B2DA61786800F072F842
:104DB0000346002B01D00123FB73FB7B1846103701
:104DC000BD4680BD80B485B000AF78600023FB8114
:104DD0000023BB817B681B681B6AFB817B681B68A7
:104DE0005B6ABB81FB891A04BB89134318461437DD
:104DF000BD4680BC704780B584B000AF7860396034
:104E00000023FB73786800F01DF80346002B02D0E6
:104E10000123FB7311E07B681B683A68120C1A626D
:104E20007B681B683A6892B25A62786800F032F880
:104E30000346002B01D00123FB73FB7B1846103780
:104E4000BD4680BD80B584B000AF78600023FB60B4
:104E5000FDF750FDF86009E0FDF74CFD0246FB68E8
:104E6000D31AB3F57A7F01D903230FE07B681B685F
:104E70005B6803F02003002BEED07B681B685A6848
:104E80007B681B6842F010025A60002318461037F6
:104E9000BD4680BD80B584B000AF78600023FB6064
:104EA0007B681B685A687B681B6822F010025A6096
:104EB000FDF720FDF86009E0FDF71CFD0246FB68E8
:104EC000D31AB3F57A7F01D9032307E07B681B6807
:104ED0005B6803F02003002BEED000231846103748
:104EE000BD4680BD80B485B000AF0346FB71002392
:104EF000FB6005E0FB680133FB60FB790A3BFB715B
:104F0000FB79092BF6D8FB68DBB21B01DAB2FB791F
:104F10001343DBB218461437BD4680BC704780B4DB
:104F200085B000AF0346FB710023FB60FB791B09D2
:104F3000DBB21A4613469B0013445B00FB60FB790F
:104F400003F00F03DAB2FB68DBB21344DBB218469E
:104F50001437BD4680BC704780B586B000AF78601E
:104F6000396000237B6100233B610023FB60002349
:104F7000BB607B68DB7B7B617B685B7B3B617B68C9
:104F80009B7BFB600023BB606FE03B69012B11D072
:104F90003B69032B0ED03B69052B0BD03B69072BDC
:104FA00008D03B69082B05D03B690A2B02D03B692E
:104FB0000C2B17D1FB681E2B03D8FB680133FB6059
:104FC00050E03B690C2B05D03B6901333B61012369
:104FD000FB6047E001233B610123FB607B690133F8
:104FE0007B613FE03B69042B08D03B69062B05D071
:104FF0003B69092B02D03B690B2B0CD1FB681D2BA5
:1050000003D8FB680133FB602CE03B6901333B6153
:105010000123FB6026E03B69022B23D1FB681B2B9D
:1050200003D8FB680133FB601CE0FB681C2B11D12B
:105030007B699BB2184600F039F80346002B03D079
:10504000FB680133FB600DE03B6901333B610123E9
:10505000FB6007E0FB681D2B04D13B6901333B611A
:105060000123FB60BB680133BB60BA683B689A42AE
:105070008BD37B69DAB27B68DA733B69DAB27B681F
:105080005A73FB68DAB27B689A733B69DBB2FA68E1
:10509000D2B21946786900F03BF803461A467B689D
:1050A0001A7300BF1837BD4680BD000080B483B0BE
:1050B00000AF0346FB80FB8803F003039BB2002B89
:1050C00001D000231DE0FB88104AA2FB0312520905
:1050D000642101FB02F29B1A9BB2002B01D0012339
:1050E0000FE0FB88094AA2FB0312D2094FF4C871F2
:1050F00001FB02F29B1A9BB2002B01D1012300E0BD
:10510000002318460C37BD4680BC70471F85EB5105
:1051100080B485B000AF78600B46FB701346BB705F
:105120000023BB600023FB607B6803F5FA63BB6070
:10513000FB78022B2DD8FA7813465B001344DB0072
:105140009B1A2C4AA2FB03235A08BB781A44BB685B
:105150001A44BB68013B9B081A44BB68013B2649C3
:10516000A1FB03135B09D21ABB68013B2249A1FBD7
:105170000313DB0913441A1D204BA3FB0213D11A9E
:1051800049080B4499080B46DB005B1AD31AFB60F5
:1051900029E0FA7813465B001344DB009B1A154A9A
:1051A000A2FB03235A08BB781A44BB681A44BB68A5
:1051B0009B081A44BB681049A1FB03135B09D21A70
:1051C000BB680D49A1FB0313DB0913449A1C0B4B6D
:1051D000A3FB0213D11A49080B4499080B46DB00C4
:1051E0005B1AD31AFB60FB68DBB218461437BD4666
:1051F00080BC7047398EE3381F85EB5125499224D6
:1052000080B582B000AF78607B68002B01D10123AC
:1052100042E07B6893F84130DBB2002B06D17B681B
:10522000002283F840207868FDF792FA7B682422F8
:1052300083F841207B681B68DA687B681B6822F46E
:105240000052DA60786800F0B7FD7B681B681A6965
:105250007B681B6822F490421A617B681B685A695C
:105260007B681B6822F02A025A617B681B68DA6837
:105270007B681B6842F40052DA607B6800225A6443
:105280007B68202283F841207B68202283F842201B
:105290007B6800225A63002318460837BD4680BD4C
:1052A00080B58AB002AFF860B9603B601346FB80FE
:1052B00000237B61FB6893F84130DBB2202B75D172
:1052C000BB68002B02D0FB88002B01D101236EE0CC
:1052D000FB6800225A64FB68212283F84120FDF715
:1052E00009FB7861FB68FA889A84FB68FA88DA849B
:1052F000FB689B68B3F5805F08D1FB681B69002BD6
:1053000004D10023FB61BB68BB6103E0BB68FB61A8
:105310000023BB612EE03B6800937B690022802163
:10532000F86800F01CFB0346002B05D0FB68202228
:1053300083F8412003233AE0FB69002B0BD1BB69C2
:105340001B881A46FB681B68C2F308025A60BB69D7
:105350000233BB6107E0FB691A78FB681B685A607F
:10536000FB690133FB61FB68DB8C9BB2013B9AB2AA
:10537000FB68DA84FB68DB8C9BB2002BCBD13B68EB
:1053800000937B6900224021F86800F0E8FA0346A8
:10539000002B05D0FB68202283F84120032306E080
:1053A000FB68202283F84120002300E002231846F6
:1053B0002037BD4680BD80B584B000AFF860B960CD
:1053C0001346FB80FB6893F84230DBB2202B12D1EE
:1053D000BB68002B02D0FB88002B01D101230BE01E
:1053E000FB6800221A63FB881A46B968F86800F067
:1053F0000FFB034600E0022318461037BD4680BD70
:1054000080B5BAB000AF78607B681B681B68C7F8CE
:10541000E4307B681B68DB68C7F8E0307B681B689A
:105420005B69C7F8DC300023C7F8D8300023C7F821
:10543000D430D7F8E43003F00F03C7F8D830D7F8EA
:10544000D830002B0FD1D7F8E43003F02003002B25
:1054500009D0D7F8E03003F02003002B03D07868A0
:1054600000F0ECFB5BE2D7F8D830002B00F0DE80D8
:10547000D7F8DC3003F00103002B06D1D7F8E03079
:1054800003F49073002B00F0D180D7F8E43003F0E0
:105490000103002B0BD0D7F8E03003F48073002B0E
:1054A00005D07B685B6C43F001027B685A64D7F8D7
:1054B000E43003F00403002B0BD0D7F8DC3003F00A
:1054C0000103002B05D07B685B6C43F002027B6814
:1054D0005A64D7F8E43003F00203002B0BD0D7F85E
:1054E000DC3003F00103002B05D07B685B6C43F0DC
:1054F00004027B685A64D7F8E43003F00803002BF9
:1055000011D0D7F8E03003F02003002B05D1D7F8F5
:10551000DC3003F00103002B05D07B685B6C43F0AB
:1055200008027B685A647B685B6C002B00F0F28198
:10553000D7F8E43003F02003002B08D0D7F8E03090
:1055400003F02003002B02D0786800F077FB7B6823
:105550001B685B6903F04003002B14BF0123002389
:10556000DBB2C7F8D4307B685B6C03F00803002B18
:1055700003D1D7F8D430002B4FD0786800F081FAEF
:105580007B681B685B6903F04003002B41D07B689C
:105590001B681433C7F89C30D7F89C3053E8003FA1
:1055A000C7F89830D7F8983023F04003C7F8D030C8
:1055B0007B681B681433D7F8D020C7F8A820C7F839
:1055C000A430D7F8A410D7F8A82041E80023C7F8E2
:1055D000A030D7F8A030002BD9D17B68DB6B002B33
:1055E00013D07B68DB6B7E4A5A637B68DB6B1846A3
:1055F000FDF74EFF0346002B16D07B68DB6B5B6B21
:105600007A68D26B104698470EE0786800F093F9FC
:105610000AE0786800F08FF906E0786800F08BF90E
:105620007B6800225A6475E100BF73E17B681B6BE5
:10563000012B40F04F81D7F8E43003F01003002B2A
:1056400000F04881D7F8E03003F01003002B00F0A1
:1056500041810023BB607B681B681B68BB607B6863
:105660001B685B68BB60BB687B681B685B6903F099
:105670004003002B00F0B6807B68DB6B1B685B6827
:10568000A7F8BE30B7F8BE30002B00F045817B682C
:105690009B8DB7F8BE209A4280F03E817B68B7F8B8
:1056A000BE20DA857B68DB6B9B69202B00F088804D
:1056B0007B681B680C33C7F88830D7F8883053E80C
:1056C000003FC7F88430D7F8843023F48073C7F8DC
:1056D000B8307B681B680C33D7F8B820C7F8942023
:1056E000C7F89030D7F89010D7F8942041E80023FD
:1056F000C7F88C30D7F88C30002BD9D17B681B6869
:1057000014337B677B6F53E8003F3B673B6F23F0AD
:105710000103C7F8B4307B681B681433D7F8B42092
:10572000C7F88020FB67F96FD7F8802041E8002395
:10573000BB67BB6F002BE1D17B681B6814333B66F2
:105740003B6E53E8003FFB65FB6D23F04003C7F859
:10575000B0307B681B681433D7F8B020FA66BB669C
:10576000B96EFA6E41E800237B667B6E002BE3D1B5
:105770007B68202283F842207B6800221A637B68C2
:105780001B680C33FB64FB6C53E8003FBB64BB6CD1
:1057900023F01003C7F8AC307B681B680C33D7F8D4
:1057A000AC20BA657B65796DBA6D41E800233B6535
:1057B0003B6D002BE3D17B68DB6B1846FDF72DFEBC
:1057C0007B6802225A637B689A8D7B68DB8D9BB273
:1057D000D31A9BB21946786800F0B6F89CE000BF77
:1057E000475B00087B689A8D7B68DB8D9BB2D31A80
:1057F000A7F8CE307B68DB8D9BB2002B00F08E804B
:10580000B7F8CE30002B00F089807B681B680C3322
:10581000BB63BB6B53E8003F7B637B6B23F49073EC
:10582000C7F8C8307B681B680C33D7F8C8207A6487
:105830003B64396C7A6C41E80023FB63FB6B002B03
:10584000E3D17B681B6814337B627B6A53E8003FBB
:105850003B623B6A23F00103C7F8C4307B681B68D6
:105860001433D7F8C4203A63FB62F96A3A6B41E813
:105870000023BB62BB6A002BE3D17B68202283F844
:1058800042207B6800221A637B681B680C333B61F3
:105890003B6953E8003FFB60FB6823F01003C7F847
:1058A000C0307B681B680C33D7F8C020FA61BB613D
:1058B000B969FA6941E800237B617B69002BE3D178
:1058C0007B6802225A63B7F8CE301946786800F038
:1058D0003BF823E0D7F8E43003F08003002B09D035
:1058E000D7F8E03003F08003002B03D0786800F095
:1058F0003EF914E0D7F8E43003F04003002B0ED05B
:10590000D7F8E03003F04003002B08D0786800F0AF
:105910007DF904E000BF02E000BF00E000BFE8370F
:10592000BD4680BD80B483B000AF786000BF0C3747
:10593000BD4680BC704780B483B000AF786000BFC4
:105940000C37BD4680BC704780B483B000AF786030
:105950000B467B8000BF0C37BD4680BC704780B5CE
:1059600086B000AFF860B9603B601346FB713BE066
:105970003B6AB3F1FF3F37D0FCF7BCFF02463B6800
:10598000D31A3A6A9A4202D33B6A002B01D103230D
:105990003AE0FB681B68DB6803F00403002B23D0AC
:1059A000BB68802B20D0BB68402B1DD0FB681B68D8
:1059B0001B6803F00803082B16D100237B61FB68EA
:1059C0001B681B687B61FB681B685B687B617B698C
:1059D000F86800F056F8FB6808225A64FB68002259
:1059E00083F8402001230FE0FB681B681A68BB683E
:1059F0001340BA689A420CBF01230023DBB21A4657
:105A0000FB799A42B4D0002318461837BD4680BDB2
:105A100080B485B000AFF860B9601346FB80FB68C6
:105A2000BA689A62FB68FA889A85FB68FA88DA8510
:105A3000FB6800225A64FB68222283F84220FB683C
:105A40001B69002B07D0FB681B68DA68FB681B68C2
:105A500042F48072DA60FB681B685A69FB681B6855
:105A600042F001025A61FB681B68DA68FB681B6838
:105A700042F02002DA60002318461437BD4680BC8D
:105A8000704780B495B000AF78607B681B680C33BA
:105A90007B637B6B53E8003F3B633B6B23F490736A
:105AA000FB647B681B680C33FA6C3A64FB63F96B2C
:105AB0003A6C41E80023BB63BB6B002BE5D17B68EC
:105AC0001B6814333B623B6A53E8003FFB61FB6990
:105AD00023F00103BB647B681B681433BA6CFA6261
:105AE000BB62B96AFA6A41E800237B627B6A002BD9
:105AF000E5D17B681B6B012B19D17B681B680C33CC
:105B0000FB60FB6853E8003FBB60BB6823F01003F9
:105B10007B647B681B680C337A6CBA617B61796942
:105B2000BA6941E800233B613B69002BE5D17B6802
:105B3000202283F842207B6800221A6300BF54377A
:105B4000BD4680BC704780B584B000AF78607B688C
:105B50005B6AFB60FB680022DA85FB680022DA845E
:105B6000F868FFF7E8FE00BF1037BD4680BD80B47F
:105B700085B000AF78607B6893F84130DBB2212BB1
:105B80003ED17B689B68B3F5805F14D17B681B694D
:105B9000002B10D17B681B6AFB60FB681B881A46D0
:105BA0007B681B68C2F308025A607B681B6A9A1CF8
:105BB0007B681A6208E07B681B6A591C7A6811626C
:105BC0001A787B681B685A607B68DB8C9BB2013B50
:105BD0009BB27A681946D184002B0FD17B681B6871
:105BE000DA687B681B6822F08002DA607B681B68D9
:105BF000DA687B681B6842F04002DA60002300E04C
:105C0000022318461437BD4680BC704780B582B069
:105C100000AF78607B681B68DA687B681B6822F0DD
:105C20004002DA607B68202283F841207868FFF721
:105C300079FE002318460837BD4680BD80B58CB07C
:105C400000AF78607B6893F84230DBB2222B40F0E3
:105C5000AE807B689B68B3F5805F17D17B681B695A
:105C6000002B13D10023FB627B689B6ABB627B68BD
:105C70001B685B689BB2C3F308039AB2BB6A1A80C5
:105C80007B689B6A9A1C7B689A6226E07B689B6AA9
:105C9000FB620023BB627B689B68B3F5805F07D023
:105CA0007B689B68002B0AD17B681B69002B06D19F
:105CB0007B681B685B68DAB2FB6A1A7008E07B6875
:105CC0001B685B68DBB203F07F03DAB2FB6A1A7011
:105CD0007B689B6A5A1C7B689A627B68DB8D9BB2EF
:105CE000013B9BB27A681946D185002B5DD17B6858
:105CF0001B68DA687B681B6822F02002DA607B6828
:105D00001B68DA687B681B6822F48072DA607B6843
:105D10001B685A697B681B6822F001025A617B6824
:105D2000202283F842207B6800225A637B681B6B29
:105D3000012B35D17B6800221A637B681B680C330A
:105D40007B617B6953E8003F3B613B6923F01003B3
:105D50007B627B681B680C337A6A3A62FB61F96983
:105D60003A6A41E80023BB61BB69002BE5D17B683F
:105D70001B681B6803F01003102B0AD10023FB6083
:105D80007B681B681B68FB607B681B685B68FB604B
:105D9000FB687B689B8D19467868FFF7D5FD02E0AC
:105DA0007868FCF7E9FA002302E0002300E0022310
:105DB00018463037BD4680BD80B584B000AF7860EE
:105DC0007B681B681B6923F440517B68DA687B6839
:105DD0001B680A431A617B689A687B681B691A43CF
:105DE0007B685B691343BB607B681B68DB6823F4DB
:105DF000B05323F00C037A681268B9680B43D36080
:105E00007B681B685B6923F440717B689A697B68D7
:105E10001B680A435A617B681B682C4A934203D172
:105E2000FEF7A8FAF86002E0FEF790FAF860FA6868
:105E300013469B0013449A001A447B685B689B00DE
:105E4000B2FBF3F3224AA2FB03235B091901FA68B0
:105E500013469B0013449A001A447B685B689B00BE
:105E6000B2FBF3F21A4BA3FB02035B09642000FBB5
:105E700003F3D31A1B013233154AA2FB03235B0938
:105E800003F0F0031944FA6813469B0013449A0088
:105E90001A447B685B689B00B2FBF3F20C4BA3FBDC
:105EA00002035B09642000FB03F3D31A1B013233A6
:105EB000074AA2FB03235B0903F00F027B681B6800
:105EC0000A449A6000BF1037BD4680BD00380140CB
:105ED0001F85EB51002B2DE9F0471D46BBBF03F199
:105EE00000431D4600232D2388B01446B8BF144636
:105EF000129A109E1370149BDDF84CA023F020081A
:105F0000B8F1460F05D0B8F1450F00D10136022394
:105F100000E0032307AA049206AACDE902A2CDE974
:105F2000003622462B4601F0C3F8B8F1470F07466A
:105F300019D1119BDB070ED500EB060900220023C7
:105F400020462946FAF73AFD08B1CDF81C903022D8
:105F5000079B4B451ED33846079B159ADB1B1360E6
:105F600008B0BDE8F087B8F1460F00EB0609E5D1AF
:105F70000378302B0AD10022002320462946FAF765
:105F80001DFD18B9C6F10106CAF80060DAF8003044
:105F90009944D3E7591C07911A70D9E7F7B500293E
:105FA000B6BF2D232B23494209290270437029DDF6
:105FB0000DF107031D460A27B1FBF7F61A4607FB4A
:105FC0001614303402F8014C0C46632C314603F1B0
:105FD000FF33F1DC3031941E03F8011C2346411CD1
:105FE000AB420AD30DF109039B1AAC4288BF0023D0
:105FF00002330344181A03B0F0BD13F8016B01F823
:10600000016FEDE7302330318370C170031DF1E77C
:106010002DE9F04F91B00C46DDF8688016461F461A
:10602000054600F033FF036818460893FAF79AF81C
:1060300000230E93D8F800300990073323F00703AC
:1060400003F1080294F818A0D4F800B0C8F80020B2
:10605000D3E9008929F000430B93CDF828804FF055
:10606000FF32DDE90A01C4E912899C4BFAF7D8FC3A
:1060700070BBDDE90A014FF0FF32984BFAF7B2FC32
:1060800030BB0022002340464946FAF7A1FC10B17C
:106090002D2384F84330924A924BBAF1470F8CBFBC
:1060A0009046984603234FF0000923612BF0040328
:1060B000236033462146284600970FAA00F0D4F902
:1060C000013040F090804FF0FF3011B0BDE8F08F0C
:1060D00042464B4640464946FAF7A2FC48B14B4679
:1060E000002BB8BF2D23804AB8BF84F843307F4BC4
:1060F000D3E763680AF0DF015A1C3FD106236360CF
:1061000000224BF48063236006920EAACDE904A21C
:106110000DAA03920DF13302CDE9013263684246C4
:10612000009328464B460A91FFF7D4FE0A99804611
:1061300047290D9928D1C81C02DB6368994240DDCC
:10614000AAF1020A5FFA8AFA5246013904F15000B4
:106150000D91FFF723FF0E9A81461318012A236140
:1061600002DC2268D20701D5013323619DF8333068
:10617000002B9ED02D2384F843309AE74729BFD1C6
:10618000002BBDD10123BAE7BAF1650FDCD9BAF112
:10619000660F18D1002963680BDD216113B92268ED
:1061A000D00702D501330B4423614FF00009A165EC
:1061B000DCE713B92268D20701D50233F4E70123E3
:1061C000F2E74FF0670A0E9B994205DB23682161D5
:1061D000D807EAD54B1CE7E70029CCBF0122C1F163
:1061E00002021344E0E723685A0507D423694246B4
:1061F00031462846B84701302BD164E7BAF1650F24
:1062000040F2DC80D4E9120100220023FAF7D6FB29
:10621000002833D0012331462846354AB84701309B
:106220003FF451AFDDE90D38434502DB2368D80761
:106230000FD5DDE9082331462846B84701303FF441
:1062400042AF4FF0000908F1FF3804F11A0AC845BF
:1062500009DC23689B0700F10281E0680F9B9842EC
:10626000B8BF184631E70123524631462846B847A1
:1062700001303FF428AF09F10109E8E70D9B002B3D
:1062800038DC012331462846194AB84701303FF42B
:106290001AAFDDE90D3959EA030302D12368D907A2
:1062A000D7D5DDE9082331462846B84701303FF409
:1062B0000AAF4FF0000A04F11A0B0D9B5B425345E5
:1062C00001DC4B4693E701235A4631462846B8473E
:1062D00001303FF4F8AE0AF1010AEEE7FFFFEF7F6D
:1062E000BAA70008B6A70008C2A70008BEA7000802
:1062F000C6A70008A36DDDF838A05345A8BF5346D4
:10630000002B994636DC4FF0000B29EAE97904F1BD
:106310001A02A36D0A93A3EB09035B4531DC0D9BC5
:106320009A453ADC2368DA0737D40D9BAAEB0309B8
:106330000A9BAAEB03039945A8BF9946B9F1000F40
:1063400033DC4FF0000829EAE97904F11A0B0D9BC0
:10635000AAEB0303A3EB090343457FF77AAF0123BD
:106360005A4631462846B84701303FF4ACAE08F1F2
:106370000108ECE7424631462846B8470130C2D111
:10638000A1E60123314628460A92B84701303FF47E
:106390009AAE0A9A0BF1010BBBE73146DDE90823FF
:1063A0002846B8470130C0D18DE60A9A4B4631469F
:1063B00028464244B8470130C3D184E6DDF838A00E
:1063C000BAF1010F01DCDB0736D501234246314625
:1063D0002846B84701303FF476AEDDE90823314660
:1063E0002846B84701303FF46EAED4E912010022CE
:1063F00000230AF1FF3AFAF7E1FAC0B9534608F16F
:10640000010231462846B84701300CD15BE6012332
:106410005A4631462846B84701303FF454AE08F199
:106420000108D045F3DB4B4604F15002E0E64FF0A3
:10643000000804F11A0BF4E701234246E1E70123C7
:106440004A4631462846B84701303FF43CAE08F191
:106450000108E3680F995B1A4345F0DCFDE64FF055
:10646000000804F11909F4E72DE9F04716469846AB
:106470008A680B6907469342B8BF1346336091F8A8
:1064800043200C46DDF820900AB1013333602368C5
:10649000990642BF336802333360256815F006055C
:1064A00006D104F1190AE36832689B1AAB422BDC6F
:1064B00094F843302268003B18BF0123920630D481
:1064C0004146384604F14302C847013023D02368CF
:1064D000226903F00603042B14BF002533684FF034
:1064E000000608BFE56804F11A0408BFED1A54F865
:1064F000123C08BF25EAE5759342C4BF9B1AED180C
:10650000B5421AD1002008E00123524641463846E0
:10651000C847013003D14FF0FF30BDE8F0870135A7
:10652000C1E73020E11881F843005A1C94F8451067
:106530002244023382F84310C2E701232246414637
:106540003846C8470130E6D00136D9E72DE9FF4784
:106550000F7E9146782F80460C469A460C9E01F19C
:10656000430207D8622F0AD8002F00F0D180582F9D
:1065700000F0B88004F1420684F842703AE0A7F1D6
:106580006303152BF6D801A151F823F0E565000847
:10659000F9650008756500087565000875650008EF
:1065A00075650008F96500087565000875650008DF
:1065B0007565000875650008F76600082366000821
:1065C000B166000875650008756500081967000860
:1065D0007565000823660008756500087565000884
:1065E000B966000833681A1D1B68326004F1420660
:1065F00084F8423001239CE033682068191D316023
:10660000060601D51D6803E04506FBD5B3F9005029
:10661000002D03DA2D236D4284F843300A235848B5
:1066200011E021683368080653F8045B02D4490678
:1066300048BFADB26F2F336014BF0A230823504800
:10664000002184F843106668002EA66005DB2168EF
:106650002E4321F0040121604BD01646B5FBF3F127
:1066600003FB1157C75D06F8017D2F46BB420D465F
:10667000F4D9082B0BD12368DF0708D5236961689B
:106680009942DEBF302306F8013C06F1FF36921B2B
:1066900022614B4621464046CDF800A003AAFFF7F1
:1066A000E3FE01304AD14FF0FF3004B0BDE8F0877F
:1066B000236843F0200323607827324884F845702C
:1066C000236831681F0651F8045B02D45F0648BF97
:1066D000ADB23160D90744BF43F0200323601DB140
:1066E0001023ADE72648E9E7236823F02003236061
:1066F000F6E71646BDE733682568181D6169306006
:106700002E061B6801D5196002E06806FBD51980CA
:10671000002316462361BCE7336800211A1D32604E
:106720001E686268304600F028FC08B1801B60607B
:1067300063682361002384F84330AAE73246494660
:1067400040462369D0470130ADD023689B0713D45E
:10675000E068039B9842B8BF1846A6E7012332467B
:1067600049464046D04701309DD00135E368039942
:106770005B1AAB42F2DCEBE7002504F11906F5E702
:10678000C8A70008D9A700082DE9F04F87B00393E8
:106790008B6891465A1EB2F5AE7F82BF6FF4AE751C
:1067A00003EB050B40F25D130A464FF0000588BF6E
:1067B0008B600B68804643F4F06342F81C3B0C4648
:1067C00098BF4FF0000B1646AA462F46CDE9045558
:1067D00001920295A2685AB1D9F800301B784E2B6D
:1067E00062D8402B3AD8A3F12B01C8B20E2838D971
:1067F0001FB1236823F4807323600AF1FF3ABAF1D2
:10680000010F00F21481019B9E4200F205810120DC
:1068100007B0BDE8F08FA3F161020D2AE8D801A10D
:1068200051F822F06D690008F1670008F16700086F
:10683000F1670008C9690008A3690008F16700084A
:10684000F16700087B690008F1670008F16700083C
:10685000F1670008F167000837690008A3F14102F9
:10686000DBE70E29C4D801A050F821F02769000801
:10687000F167000827690008B7690008F167000898
:10688000C96800080D6900080D6900080D69000855
:106890000D6900080D6900080D6900080D69000800
:1068A0000D6900080D6900086E2B09D8602BB2D85D
:1068B000542B7BD0592B9BD1072D99D108252FE044
:1068C000742B73D0792BF6E72168C8051ED521F00B
:1068D000800121600137BBF1000F03D001320BF1C1
:1068E000FF3BA260A368013BA360236901332361DE
:1068F000D9F80430013B002BC9F8043040F3838001
:10690000D9F800300133C9F8003063E71AEB05010C
:106910007FF46EAF0D468A46226822F4C072226070
:1069200006F8013BDEE7226810067FF561AF22F032
:1069300080022260F4E7BAF1000F0CD177B9226827
:1069400002F4E061B1F5E06F08D122F4F0624FF09B
:10695000010A2260E4E7BAF1020F51D0012D02D002
:10696000042D7FF445AF0135EDB2D9E7BAF1010F3F
:106970007FF43EAF4FF0020AD2E775B9002F7FF4E3
:1069800038AF226802F4E061B1F5E06F40F0FF80BB
:1069900022F4F06201252260C2E7032DE3D0052D29
:1069A000DFE7022D7FF424AF0325B9E7062D7FF43E
:1069B0001FAF0725B4E7226891057FF519AF22F4D0
:1069C000207222600297ABE7226802F4A061B1F561
:1069D000806F05D050057FF50BAF002F00F0D780FA
:1069E000910558BF029922F4F06258BF791A42F417
:1069F000C0724FF0000758BFCDE9041622608FE740
:106A00004FF0030A8CE749464046D4F88031984756
:106A100000283FF4DFAEEBE6D4F87C314A4640462E
:106A200016F8011D98472369013B2361EBE66B1EB5
:106A3000062B24D8022D36D8019B9E427FF6E7AE66
:106A4000D4F87C314A46404616F8011D9847236920
:106A5000013B2361F0E7D4F87C314A4640461BF8FD
:106A6000011D98472369013B23610AF1FF3A5FFA50
:106A70008AFABAF1020FEED1033DEDB2761B23681C
:106A8000DA0530D55B0511D5019B9E427FF6BFAE7E
:106A9000D4F87C314A46404616F8011D98472369D0
:106AA000013B2361F0E7AA46B346DEE716F8011C76
:106AB0002369652903F1FF3306F1FF3523610CD00B
:106AC00045290AD0D4F87C314A4640469847236984
:106AD00016F8021C013BB51E23614A464046D4F815
:106AE0007C3198472E46226812F0100201D0002017
:106AF0008EE63270236803F4C063B3F5806F25D14E
:106B0000029B9F420AD0DA1B04F26F139E4228BFF9
:106B100004F5B77630461F4900F038F900224046A8
:106B2000019902F031FC039B25681B6815F0020FE8
:106B300006460F4603F1040215D003990A601B684C
:106B4000C3E90067E3680133E360D0E7049B002BEF
:106B5000E4D005990A234046013102F095FC049BDC
:106B6000059EC21AD0E76D07E7D4039D2A601D6811
:106B700002460B46F9F754FF20B1074800F00CFA23
:106B80002860DFE730463946F9F7A8FFF8E7002725
:106B900033E600BFEAA700082BA90008002310B5C0
:106BA0000446C0E90033C0E9043383608181436651
:106BB000C2818361194608225C3000F04CF90D4B0C
:106BC000246263620C4BA3620C4BE3620C4B2363A5
:106BD0000C4B9C4206D003F16802944202D0D033A1
:106BE0009C4205D104F15800BDE8104000F0C2B944
:106BF00010BD00BFD16D0008F36D00082B6E0008BA
:106C00004F6E00084C030020024A0349034800F07D
:106C100069B800BF140000203D980008240000203F
:106C200041680C4B10B59942044601D002F006FEB3
:106C3000A168094B994202D0204602F0FFFDE168AD
:106C4000064B994204D02046BDE8104002F0F6BD44
:106C500010BD00BF4C030020B40300201C04002022
:106C600010B50B4B0B4C0C4A20461A600421002235
:106C7000FFF794FF04F1680001220921FFF78EFF5E
:106C800004F1D0000222BDE810401221FFF786BFB8
:106C9000840400204C030020096C0008014800F027
:106CA0006AB900BF8D040020014800F065B900BF3B
:106CB0008D04002010B50446FFF7F0FF236A1BB1D6
:106CC000BDE81040FFF7F0BF044B2362044B1B6884
:106CD000002BF5D1FFF7C4FFF2E700BF216C0008DD
:106CE000840400202DE9F843074688461446002610
:106CF000D4E90195B9F1010905D52468002CF7D133
:106D00003046BDE8F883AB89012B07D9B5F90E30C1
:106D1000013303D029463846C04706436835E9E7C2
:106D20000CB430B5184B0C1E1D689DB008DA8B23CF
:106D30004FF0FF302B601DB0BDE8304002B070470F
:106D40004FF40273ADF814304FF000031B930CBFE7
:106D5000234604F1FF33049307934FF6FF73029029
:106D60000690ADF81630284621AB209A02A901936F
:106D700002F0E8FB431CBCBF8B232B60002CDAD055
:106D80000022029B1A70D6E7200000200EB46FF09C
:106D9000004110B500249DB01FAB029006900791F2
:106DA00004910948094953F8042B0591006802A988
:106DB00001931B9402F0C6FB029B1C701DB0BDE842
:106DC000104003B0704700BF200000200802FFFF02
:106DD00010B50C46B1F90E1000F07EF80028ABBFDC
:106DE000636DA3891B1823F48053ACBF6365A38133
:106DF00010BD2DE9F0411F468B890546DB050C4689
:106E0000164605D502230022B1F90E1000F052F803
:106E1000A389324623F48053A38128463B46B4F924
:106E20000E10BDE8F04100F069B810B50C46B1F99C
:106E30000E1000F03FF8431CA38915BF606523F4D2
:106E4000805343F48053A38118BFA38110BDB1F9CF
:106E50000E1000F01FB803460244934200D1704761
:106E600003F8011BF9E710B56AB10139841810F86D
:106E7000012B11F8013F9A4203D1A04201D0002A10
:106E8000F5D1D01A10BD1046FCE70000004870474D
:106E90006001002038B50023054D044608462B60EC
:106EA000FBF7BFFB431C02D12B6803B1236038BD45
:106EB0008804002038B50446084611460022054DD6
:106EC0002A601A46FBF7D1FB431C02D12B6803B1A1
:106ED000236038BD8804002038B5044608461146B2
:106EE0000022054D2A601A46FBF762FB431C02D1C3
:106EF0002B6803B1236038BD8804002038B50446F0
:106F0000084611460022054D2A601A46FBF76DFB24
:106F1000431C02D12B6803B1236038BD88040020D4
:106F2000014B1868704700BF2000002070B5002694
:106F30000C4D0D4C641BA410A64209D103F058FB64
:106F400000260A4D0A4C641BA410A64205D170BD50
:106F500055F8043B98470136EEE755F8043B98474F
:106F60000136F2E7E4AB0008E4AB0008E4AB00084C
:106F7000E8AB0008704770477047034610B5C9B2C8
:106F800002449342184601D1002003E00478013303
:106F90008C42F6D110BD0000004870470000C07F51
:106FA0002DE9F74F03690C690746A3427EDB013CDC
:106FB000A30000F1140501F11408009305EB84030C
:106FC000019358F8243055F8242001339A42B2FB3B
:106FD000F3F608EB84092ED34FF0000AC446AE4600
:106FE000D3465CF8043B98B206FB00A01B0C020CD5
:106FF00006FB0323DEF8002080B292B2121A5A4434
:10700000DEF800004FEA134A9BB2C3EB224303EBC6
:10701000104392B242EA0342E1454FEA234B4EF855
:10702000042BDED2009BEB582BB9019B043B9D4205
:107030001A462FD33C61384601F0C8F9002825DBF9
:107040002946002058F8042BD1F800C01FFA82FE10
:107050001FFA8CF3A3EB0E030344120CC2EB234282
:1070600002EB1C429BB243EA0243C1454FEA224075
:1070700041F8043BE6D255F8242005EB840322B9FD
:10708000043B9D421A460BD33C610136304603B0A7
:10709000BDE8F08F1268043B002ACBD1013CC6E763
:1070A0001268043B002AEFD1013CEAE70020EEE73A
:1070B0002DE9F04F14461D46C76997B08146CDE9CA
:1070C0000645239E7FB9102000F00EFE0246C9F847
:1070D0001C0020B9EF21AC4BAC4802F015FCC0E914
:1070E00001770760C760D9F81C30196859B15A6830
:1070F000012393404A608B60484600F0EBFE00227B
:10710000D9F81C301A602B1EAFBF0023012223F0D8
:1071100000430793A8BF3360DDF81C809C4BB8BFC9
:10712000326033EA080312D142F20F73229A1360DD
:10713000C8F31303234300F05E85249BDFF854A2B9
:10714000002B00F060850AF1030300F05ABDDDE971
:107150000623CDE90C23DDE90C0100220023F9F719
:107160002DFC074658B10123229A1360249B13B1CA
:10717000894B249A1360DFF824A200F044BD14ABBD
:10718000019315AB00934846DDE90C2301F036FA74
:10719000C8F30A560390002E78D0DDE90C010D9B50
:1071A000A6F2FF36C3F3130343F07F5343F44013B7
:1071B0001297194600227A4BF8F7E0FF6CA3D3E947
:1071C0000023F9F793F96CA3D3E90023F8F7D8FF6C
:1071D000044630460D46F9F71FF969A3D3E90023A9
:1071E000F9F784F902460B4620462946F8F7C8FF0E
:1071F00004460D46F9F72AFC0022074600232046E4
:107200002946F9F7E5FB40B13846F9F705F922467A
:107210002B46F9F7D3FB00B9013F162F54D8DDE90F
:107220000C01604B03EBC703D3E90023F9F7D0FB54
:1072300000284BD00023013F0F93149B9B1B5A1E29
:1072400049BFC3F10103002304930023099254BFF3
:1072500004930993002F3BDB099B0E973B44099352
:1072600000230A93209B092B65D8052BC4BF043B40
:107270002093209BC8BF0024A3F10203D8BF0124A0
:10728000032B64D8DFE803F05355382CDDE9146391
:107290001E4406F23243202BC1BFC3F1400308FA5B
:1072A00003F806F2124324FA03F3D6BFC3F1200316
:1072B00048EA030004FA03F0F9F79EF80122A1F16D
:1072C000F873013E129274E70123B5E70F90B4E71B
:1072D000049BDB1B04937B420A9300230E93C1E7BC
:1072E00001230B93219B07EB030B0BF10103012BF4
:1072F0000893B8BF012306E001230B93219B002BC9
:1073000028DD9B46089300210422D9F81C0002F1D5
:1073100014059D4226D94160484600F09BFD8246F7
:10732000002843D1024640F2AF111F4BD4E60023A0
:10733000E3E70023D5E7012400230B9420934FF0CB
:10734000FF3B00221223CDF820B02192DBE701237E
:107350000B93F4E74FF0010B5B46CDF820B0CDF86E
:1073600084B0D0E701315200D1E700BFAFF3008015
:1073700061436F63A787D23FB3C8608B288AC63F3B
:10738000FB799F501344D33FFCA7000813A80008C3
:107390000000F07FF8A70008C7A70008C6A70008EC
:1073A0000000F83FC0A900086BA80008D9F81C30FD
:1073B0001860089B0E2B00F2A180002C00F09E802C
:1073C000002F33DD9C4B07F00F0203EBC203F805DF
:1073D000D3E90034CDE910344FEA271416D5DDE99E
:1073E0000C01964B0326D3E90823F9F7A9F9CDE957
:1073F000060104F00F04914D54B9DDE91023DDE9D5
:107400000601F9F79DF9CDE9060128E00226F2E729
:10741000E10708D5DDE91001D5E90023F9F766F8A1
:10742000CDE91001013664100835E5E700F0AF80C2
:10743000DDE90C017C42804B04F00F0203EBC20338
:10744000D3E90023F9F752F802260023CDE906011B
:107450007A4D2411002C40F08F80002BD3D1DDE930
:1074600006450F9B002B00F0948000222046294601
:10747000734BF9F7ADFA002800F08B80089B002BC6
:1074800000F08780BBF1000F34DD20460022294642
:107490006C4BF9F72BF85C46CDE9060107F1FF3894
:1074A00001363046F8F7B8FFDDE90623F9F71EF894
:1074B0000022654BF8F764FE0546A1F15076002CDA
:1074C0006AD1DDE906010022604BF8F757FE02465B
:1074D0000B46CDE906232A463346F9F797FA0028EA
:1074E00040F09882DDE906012A4606F10043F9F7EB
:1074F0006FFA38BBDDE90C34CDE90634159B002B5F
:10750000C0F257810E2F00F354814B4B03EBC7039E
:10751000D3E90034CDE90434219B002B80F2E580CF
:10752000089B002B00F3E1800CD1DDE9040100226F
:10753000464BF8F7DBFFDDE90623F9F75DFA002893
:1075400000F0668200242546219B56466FEA030818
:1075500000272146484600F0BDFC002D00F0BD800C
:107560002FB1AF4203D03946484600F0B3FC29465C
:10757000484600F0AFFCB0E0E20705D5D5E90023AE
:10758000F8F7B4FF012301366410083562E70226DC
:1075900065E7B846089C84E7274B0B9903EBC403C7
:1075A00053E902235444002954D000202849F9F714
:1075B000C7F833462A46F8F7E1FD5646CDE91001F3
:1075C000DDE90601F9F742FA0546F8F725FF02461C
:1075D0000B46DDE90601F8F7D1FD02460B463035D2
:1075E000CDE90623DDE9102306F8015BF9F7F0F990
:1075F000002872D1DDE9062300201149F8F7BEFD0D
:10760000DDE91023F9F7E4F9002840F0B480A64240
:107610003FF470AFDDE9100100220A4BF8F766FF76
:107620000022CDE91001DDE90601064BF8F75EFF07
:10763000CDE90601C4E700BFC0A9000898A9000869
:107640000000F03F0000244000001C4000001440F7
:107650000000E03F31462846F8F748FF5646CDE99E
:1076600010011394DDE90601F9F7F0F90546F8F782
:10767000D3FE02460B46DDE90601F8F77FFD024620
:107680000B46303506F8015BA642CDE906234FF0E4
:10769000000224D1DDE91001AE4BF8F771FD02467E
:1076A0000B46DDE90601F9F7B1F9002863D1DDE900
:1076B00010230020A749F8F761FD02460B46DDE9DB
:1076C0000601F9F785F900283FF414AF139E731EE5
:1076D000139316F8013C302BF8D047463BE09E4B05
:1076E000F8F704FFCDE90601BCE75646DDE906459B
:1076F000DDE9042320462946F9F722F8F9F7A6F92F
:107700008046F8F789FEDDE90423F8F7EFFE02462C
:107710000B4620462946F8F731FD08F13004089D54
:1077200006F8014BA6EB0A04A54202460B4633D1EC
:10773000F8F726FDDDE9042304460D46F9F766F95E
:10774000C0B9DDE9042320462946F9F737F910B11D
:1077500018F0010F0ED14846039900F0BBFB00233F
:107760003370229B01371F60249B002B00F04B825B
:107770001E6048E2B84633461E4613F8012D392AEA
:1077800006D19A45F8D1302208F101088AF8002084
:107790001A7801321A70A0E700226F4BF8F7A6FEA4
:1077A0000022002304460D46F9F708F900289FD06F
:1077B000D1E70B9A002A00F0EA80209A012A00F310
:1077C000CD80129A002A00F0C18003F233430A9C54
:1077D000049E049A01211A440492099A48461A44C4
:1077E000099200F075FC054666B1099B002B09DD86
:1077F000B342A8BF3346049AF61AD21A0492099AE1
:10780000D31A09930A9B0BB30B9B002B00F0C68085
:10781000002C00F0C08029462246484600F010FDAA
:10782000039A01460546484600F068FC03998046E5
:10783000484600F04FFB0A9B1B1B0A9300F0B180E7
:1078400041460A9A484600F0FBFC03900121484655
:1078500000F03EFC0E9B0446002B00F0D8811A4637
:107860000146484600F0ECFC209B0446012B00F347
:107870009F80069B002B40F09780079BC3F3130368
:10788000002B40F09380079B23F000431B0D1B054A
:1078900033B1049B01330493099B01330993012302
:1078A0000A930E9B002B00F0B881236904EB83033D
:1078B000186900F0C1FBC0F12000099B184410F0CA
:1078C0001F0000F08280C0F12003042B73DD049BB5
:1078D000C0F11C0003440493099B0644034409932C
:1078E000049B002B05DD1A464846039900F002FD73
:1078F0000390099B002B05DD21461A46484600F0FF
:10790000F9FC04460F9B002B61D02146039800F040
:107910005DFD00285BDA00230A224846039900F047
:10792000FBFA0B9B07F1FF380390002B00F07781E7
:10793000294600230A22484600F0EEFABBF1000F68
:1079400005466FDC209B022B49DC6BE0149BC3F1E6
:1079500036033CE70000E03F00002440089B5C1E2B
:107960000A9BA34209DB1C1B089B002BBFF630AF10
:10797000049B089A9E1A00232BE70A9B0E9AE31A8F
:107980001A440A94049E0024089B0E9221E70A9C44
:10799000049E0B9D28E7DDF80C8051E70A9A0399B5
:1079A00050E7CDF80C8051E7002379E7069B77E795
:1079B00000230A9379E793D0049A1C331A44049263
:1079C000099A1E441A4409928AE70346F4E7089B81
:1079D000B846002B20DC9B46209B022B1EDDBBF112
:1079E000000F7FF4B1AD21465B460522484600F00A
:1079F00093FA01460446039800F0E8FC00287FF75C
:107A0000A3AD5646312308F1010806F8013B9FE576
:107A1000B846089C2546F4E7DDF820B00B9B002B08
:107A200000F00181002E05DD29463246484600F06F
:107A300061FC05460A9B002B5CD04846696800F053
:107A400009FA064628B9024640F2EF21804BFFF7BB
:107A500043BB2A6905F10C01023292000C3001F09F
:107A60003FFF01223146484600F044FC2F460546C0
:107A70000AF1010304930AEB0B030A93069B03F03C
:107A800001030993049B2146039803F1FF3BFFF791
:107A900087FA034639463033069003980B9300F07B
:107AA00095FC2A4608902146484600F0ABFCC26887
:107AB00006460B9B02BB0146039800F087FC02467A
:107AC0000B9B31464846CDE90B3200F003FA209B70
:107AD0000C9A049E42EA0301099B19430B9B0DD1AA
:107AE000392B27D0089A002A01DD069B31338BF809
:107AF00000302EE52846B9E70122E2E7089900297F
:107B000004DB209801430998014320D1002AEEDDCF
:107B1000012203994846049300F0ECFB21460390B0
:107B200000F054FC0028049B02DCE0D1DA07DED52B
:107B3000392BDAD139238BF8003033461E4616F83C
:107B4000012C013B392A4ED001321A7001E5002A7E
:107B500003DD392BEED00133C9E7049A0A9902F804
:107B6000013C8A4228D000230A220399484600F0AB
:107B7000D3F9AF4203904FF000034FF00A023946A9
:107B8000484607D100F0C8F907460546049B013373
:107B9000049377E700F0C0F92946074600230A223C
:107BA000484600F0B9F90546F0E7BBF1000FCCBF3D
:107BB0005E46012600275644012203994846049355
:107BC00000F098FB2146039000F000FC0028B4DC94
:107BD00002D1049BDB07B0D433461E4613F8012DB7
:107BE000302AFAD0B5E49A45A8D1312308F101082A
:107BF0008AF80030ADE4249BDFF858A01BB10AF1ED
:107C00000803249A1360504617B0BDE8F08F209BFC
:107C1000012B7FF72EAE0E9B0A9301204DE6BBF1A0
:107C2000000F7FF7D9AE564621460398FFF7B8F903
:107C300000F1300306F8013BA6EB0A029345B4DDE0
:107C400000230A224846039900F066F90390EBE707
:107C50006BA80008EFA7000838B50546002940D0FA
:107C600051F8043C0C1F002BB8BFE41800F0E6F8F4
:107C70001C4A136833B9636014602846BDE8384075
:107C800000F0E2B8A34208D9206821188B4201BF56
:107C900019685B6809182160EDE71A465B680BB14B
:107CA000A342FAD911685018A0420BD120680144B0
:107CB000501883421160E0D118685B680844106076
:107CC0005360DAE702D90C232B60D6E7206821182D
:107CD0008B4201BF19685B680918216063605460BA
:107CE000CBE738BD94040020024B0146186800F031
:107CF00025B800BF2000002070B50F4E0C4631683B
:107D0000054611B901F0DCFD30602146284601F03E
:107D1000D7FD431C03D14FF0FF34204670BDC41C77
:107D200024F00304A042F8D0211A284601F0C8FD2F
:107D30000130F2D1EFE700BF900400202DE9F843B5
:107D4000CD1C25F0030508350C2D38BF0C25002D62
:107D5000064601DBA94204D90C2333600020BDE8AC
:107D6000F883DFF8D48000F069F8D8F800301C46BA
:107D700044BB29463046FFF7BFFF431C044658D199
:107D8000D8F800402746002F43D1002C4BD0236861
:107D90003946304604EB030901F092FD814542D19A
:107DA000216830466D1A2946FFF7A6FF01303AD008
:107DB00023682B442360D8F800305A6862BBC8F8A7
:107DC00000700FE02268521B20D40B2A17D96119CA
:107DD000A342256018BF5960636808BFC8F8001047
:107DE00062514B60304600F02FF804F10B00231D68
:107DF00020F00700C21A1CBF1B1AA350AFE762682D
:107E0000A3420CBFC8F800205A60EBE72346646821
:107E1000AEE73C467F68B6E71A465B68A342FBD1F3
:107E200000235360DEE70C233046336000F00CF88B
:107E300094E70560D6E700BF940400200148FFF7EF
:107E40009AB800BF8C0400200148FFF795B800BF26
:107E50008C04002070B5C66904460D4676B9102022
:107E6000FFF742FF0246E06120B96B21174B18482B
:107E700001F04AFDC0E901660660C660E669F36884
:107E800083B1E369DB6853F82500B8B9012101FA31
:107E900005F6721D2046920001F054FD60B1C0E964
:107EA00001560EE021220421204601F04BFDE3693A
:107EB000F060DB68002BE4D1002070BD026843F85D
:107EC00025200023C0E90333F7E700BFFCA7000823
:107ED0007CA8000870B5C66905460C4676B9102026
:107EE000FFF702FF0246E86120B98F21084B0948DD
:107EF00001F00AFDC0E901660660C6603CB1EB69AD
:107F00006268DB6853F82210216043F8224070BD9C
:107F1000FCA700087CA800082DE9F04107460C46A4
:107F20001E4600200D6901F1140CDCF80030013010
:107F300099B202FB01611E0C0B0C02FB063389B2E5
:107F400001EB034185424FEA13464CF8041BECDC7D
:107F50000EB3A368AB4219DC616838460131FFF704
:107F600079FF804628B90246BA210C4B0C4801F033
:107F7000CBFC226904F10C01023292000C3001F0BA
:107F8000AFFC21463846FFF7A5FF444604EB8503C6
:107F900001355E6125612046BDE8F0816BA80008CF
:107FA0007CA800082DE9F843154609221F4608332E
:107FB0000C4693FBF2F30646012200219A4209DBAC
:107FC0003046FFF747FF40B90246D321184B194806
:107FD00001F09AFC52000131F0E7089B092D436142
:107FE0004FF00103036116DD04F10909C8462C4472
:107FF00018F8013B01460A223046303BFFF78CFF60
:10800000A045F5D1A5F108044C442D1B6319BB42D2
:1080100004DBBDE8F88309250A34F6E714F8013BD0
:1080200001460A223046303BFFF776FFEEE700BFFD
:108030006BA800087CA800080346B0F5803F3ABF53
:10804000030410200020B3F1807F3CBF1B020830E6
:10805000B3F1805F3CBF1B010430B3F1804F3CBFE4
:108060009B000230002B05DB13F0804F00F1010074
:1080700008BF202070470368024613F007000BD0AA
:10808000D90721D4980749BF5B089B0801201360DA
:108090005CBF02201360704799B209B910201B0C15
:1080A000D9B209B908301B0A190704BF1B090430EB
:1080B000990704BF9B080230D90703D45B0800F17D
:1080C000010003D0136070470020704720207047E4
:1080D00010B50C460121FFF7BDFE024628B940F25B
:1080E0004511044B044801F00FFC01234461036176
:1080F00010BD00BF6BA800087CA800082DE9F04F58
:1081000017460A693B6989469A42A2BF3B460F4619
:1081100099463D69D9F810A0BB68796805EB0A0655
:10812000B34285B0B8BF0131FFF794FE30B90246C3
:108130004FF4B171404B414801F0E6FB00F11404EB
:108140002346002204EB860E734520D307F1140862
:1081500009F1140108EB850501EB8A030293EB1B7F
:10816000153B23F0030304331537BD4238BF042306
:108170000193029B03918B420CD8002E03DD5EF825
:10818000043D002B55D0066105B0BDE8F08F43F8E3
:10819000042BD9E7B1F800A0BAF1000F1FD0C446F4
:1081A000A14600275CF8042BD9F800301FFA82FBA7
:1081B0009BB20AFB0B333B44D9F80070120C3F0C06
:1081C0000AFB027202EB13429BB243EA024365458B
:1081D0004FEA124749F8043BE4D8019BE750039B60
:1081E0000431B3F80290B9F1000F20D04746A446FD
:1081F0004FF0000A2368B7F800B0BCF802209BB229
:1082000009FB0B22524443EA02434CF8043B57F863
:10821000043B4FEA134ABCF80030BD4209FB0A3365
:1082200003EB12434FEA134AE5D8019AA3500434F2
:108230009FE7013EA1E700BF6BA800087CA80008EB
:108240002DE9F843154612F0030207460E4607D003
:10825000254C013A002354F82220FFF75DFE064624
:10826000AD103DD0FC697CB91020FFF73DFD024602
:10827000F86128B940F2B3111C4B1D4801F044FBD2
:10828000C0E901440460C460D7F81C80D8F80840F5
:108290004CB940F271213846FFF71AFF002304461B
:1082A000C8F8080003604FF00009EB070AD5314613
:1082B00022463846FFF722FF804631463846FFF710
:1082C00009FE46466D100BD0206838B9224621467B
:1082D0003846FFF713FF2060C0F800900446E4E73B
:1082E0003046BDE8F88300BF8CA90008FCA7000851
:1082F0007CA800082DE9F0470C4607469146236903
:10830000496803EB6218A3684FEA621A08F1010694
:10831000B3420BDB3846FFF79DFD054648B90246E0
:108320004FF4EF71274B284801F0EEFA01315B0062
:10833000EEE7002300F1140100F110021846534546
:1083400033DB20692AEAEA7A04F1140319F01F09E1
:1083500001EB8A0103EB800C2BD08A460022C9F185
:10836000200E186800FA09F010434AF8040B53F87D
:10837000042B9C4522FA0EF2F3D8ACEB0403153B18
:1083800023F00303043304F11500604588BF042380
:10839000CA500AB108F10206013E384621462E6154
:1083A000FFF798FD2846BDE8F08742F8040F013337
:1083B000C5E7043953F8042B9C4541F8042FF9D83C
:1083C000EAE700BF6BA800087CA8000803460A691A
:1083D000006930B5801A0ED11433143103EB8204D6
:1083E00001EB820154F8045D51F8042D954203D04D
:1083F00005D24FF0FF3030BDA342F3D3FBE701209D
:10840000F9E700002DE9F74F894606461146484630
:108410001446FFF7DBFF051E12D129463046FFF751
:1084200019FD024628B940F237213E4B3E4801F083
:108430006BFA0123C0E90435104603B0BDE8F08FA4
:10844000BCBF4B46A1463046D9F80410BABF1C4603
:1084500001250025FFF7FEFC024618B940F2452130
:10846000304BE3E700F1140BD9F8107009F1100359
:10847000C5604FF0000C09F11405D946266904F1D6
:10848000140E05EB87080EEB86060193019B5EF840
:10849000040B53F804AF81B201931FFA8AF35B1AFD
:1084A000000C6344C0EB1A4000EB23409BB243EA4C
:1084B000004376454FEA204C49F8043BE6D8331B8D
:1084C000153B23F0030315340433A64238BF0423BD
:1084D0001D445B441E462C4644450ED308F103015F
:1084E000491B21F00301033DA84538BF00210B447F
:1084F00053F8041D99B117619EE7E64654F8041B32
:108500001FFA81FCF444080C714400EB2C4089B242
:1085100041EA00414FEA204C46F8041BDCE7013FEA
:10852000E6E700BF6BA800087CA800080E4B0B40D4
:10853000A3F15073002B08DC5B42B3F1A07F4FEA3C
:10854000235204DA4FF400231341002208E0A2F181
:1085500014031E2BD6BF4FF000420122DA40002345
:1085600019461046704700BF0000F07F0269F8B559
:1085700000F1140606EB820252F8044C1E4F20460E
:10858000FFF75AFD0346C0F120000A2BA2F10405B3
:10859000086012DCAE422CBF002252F8082CC3F156
:1085A0000B0C153324FA0CFE04FA03F322FA0CF236
:1085B0004EEA07011A431046F8BDAE4236BFA2F19B
:1085C0000805002252F8082C0B3B12D0C3F12007FB
:1085D00022FA07F19C400C43B54244F07F5194BF0E
:1085E000002455F8044C9A40FC4041F440112243C9
:1085F000E1E744EA0701DEE70000F03F2DE97343BD
:10860000012190469946089EFFF724FC044630B9A4
:10861000024640F20F31234B234801F075F9C9F3AC
:108620000A55C9F313030DB143F480130193B8F154
:10863000000324D068460093FFF71DFDDDE900121A
:10864000D8B1C0F1200302FA03F30B43C2406361C7
:108650000192019B002B0CBF01220222A361226127
:10866000ADB1A5F2334505443560C0F13500099B35
:108670001860204602B0BDE870836161E9E701A897
:10868000FFF7F9FC019B012263612030E7E7A0F2CC
:10869000324004EB820330601869FFF7CDFCC0EB79
:1086A0004210E4E76BA800087CA800082DE9F04F11
:1086B00085B0CDE9001002A9FFF758FF8B460646AA
:1086C0000F46009803A9FFF751FF0D46019B89460D
:1086D0001969009B04461B693046C91ADDE902325C
:1086E0009B1A03EB4113002BCDBF3A462A46C3EB3E
:1086F000033302EB035BD8BF02EB03594B46224620
:108700005946F8F71DF805B0BDE8F08F013970B58E
:1087100049111469013102F1140300EB810103EBEB
:108720008404051FA3420CD3A31A113B23F00303B7
:108730001132A24288BF002318440023884205D387
:1087400070BD53F8046B45F8046FEBE740F8043B49
:10875000F4E700F1140200694B11984210B511DBE7
:108760000ADD11F01F0107D052F8234024FA01F06E
:1087700000FA01F18C420BD102EB8303934203D840
:10878000002010BD0346F7E753F8041D0029F5D07B
:108790000120F6E72DE9F0410F469046FFF7C6FEAF
:1087A00004460D46B8F1000F11D0C7F30A53C3F1C8
:1087B0006B03002B0BDD00241B0503F17F5505F532
:1087C000401522462B46F7F791FE04460D462046FB
:1087D0002946BDE8F08100002DE9F04F9FB01792C7
:1087E00000220C461A924FF0000A4FF0000B0A4686
:1087F0000590199211782B2948D036D80D2930D8F8
:10880000082930D8002939D000220E92199D2A78E3
:10881000302A40F0B0806A7802F0DF02582A6CD12A
:1088200002930E9B8F4A01931AAB009305981BABE2
:1088300019A901F003F910F00F06044605D0062E21
:1088400026D10023013519950E93179B002B40F07C
:1088500082850E9BBBB150460BF100411FB0BDE8B5
:10886000F08F2029D0D10132C3E72D29CCD10121AD
:108870000E91511C19915278002AC7D1179B199457
:10888000002B40F0668550465946E7E70021EFE7A8
:108890001A9A3AB135211CA8FFF738FF1A990598A2
:1088A000FFF718FB013E1B9A042E06D8DFE806F0FE
:1088B00014031D201400DDE91CABE10548BF4BF09B
:1088C000004B2BF000431B0D1B05002BBDD1FEF709
:1088D00027FB22230360B8E702F23342DDE91CA341
:1088E00023F4801343EA025BE7E7DFF87CB1E4E7B7
:1088F0006FF0004B4FF0FF3ADFE7199B5A1C1992BB
:108900005B78302BF9D0002B9FD0012300270A225F
:10891000B9460893199B0B970C9319980578A5F104
:108920003003D9B2092928D901225049FEF79BFA10
:10893000002832D000202A4603464D460A90652A78
:1089400001D0452A14D11DB9089A024396D00025BA
:10895000199C621C199262782B2A7AD02D2A7ED01B
:108960004FF0000CA2F13001092940F285801994E2
:108970004FF00008A5E00023C8E7B9F1080FD8BF01
:108980000B9900F10100D6BF02FB013302FB073750
:108990000B9309F101091990BFE7199B5A1C199211
:1089A0005A78B9F1000F3BD04D460A90A2F130033E
:1089B000092B12D90123C2E7199B01305A1C1992C5
:1089C0005A78302AF8D0A2F13103082B00F2C8847B
:1089D0000A9000200546199B0C93303A00F10103E0
:1089E00018D02E464FF00A0E0A9919440A91711CAC
:1089F000A1EB050C634515DC20EAE0702B18082B71
:108A000005F1010505441ADC0A230B9903FB012338
:108A10000B930023199A1846511C19915278C5E7F7
:108A20004846CEE7082E05DC0B9E0EFB06F60B969D
:108A30000E46DCE71029D8BF0EFB07F7F8E70F2B2F
:108A4000DCBF0A2303FB0727E3E700230A93012384
:108A50007AE74FF0000CA21C1992A27882E74FF03F
:108A6000010CF8E79CAA00080000F07FD5A80008D8
:108A7000199A511C19915278302AF9D0A2F131017A
:108A800008293FF675AF4FF00A08303A0992199A53
:108A90000F92199A561C19965278A2F1300EBEF117
:108AA000090F39D90F9944F61F68761A082E03DC8E
:108AB00009998845A8BF8846BCF1000F01D0C8F1CC
:108AC0000008002D4ED1089908437FF4BEAE002B5C
:108AD0007FF4D4AE692A28D025DC492A25D04E2A35
:108AE0007FF4CCAE994919A801F0CAF900283FF4E7
:108AF000C5AE199B1B78282B2ED195491CAA19A805
:108B000001F0D2F9052827D11D9BDDF870A043F0B4
:108B1000FF4B4BF4E00B98E6099908FB0121A1F10A
:108B200030020992B5E76E2ADAE78A4919A801F0FE
:108B3000A7F900283FF4A2AE199B8749013B19A869
:108B4000199301F09DF910B9199B013319934FF056
:108B5000000ADFF808B278E6814800F0CFFE8246CE
:108B60008B4672E60A9BB9F1000F08BFA946A8EB35
:108B70000303102D0B982C460993A8BF1024F7F778
:108B80003BFC092D82468B4611DC099B002B3FF4F0
:108B90005CAE099B76DD162B5DDC7249524601EB1B
:108BA000C3015B46D1E90001F7F7A0FCD7E76D4BA5
:108BB00003EBC40353E91223F7F798FC82463846C7
:108BC0008B46F7F719FC02460B4650465946F7F715
:108BD000D7FA0F2D82468B46D7DD099B2C1B1C44F0
:108BE000002C40F3938014F00F030AD05D495246E5
:108BF00001EBC301D1E900015B46F7F777FC824640
:108C00008B4634F00F0473D0B4F59A7F49DD00240D
:108C1000A046A1460B9422234FF0000A059ADFF8E4
:108C20003CB113600B9B002B3FF40FAE1A990598D3
:108C3000FFF750F949460598FFF74CF9414605986A
:108C4000FFF748F90B990598FFF744F92146059875
:108C5000FFF740F9F9E5099AC5F125039342BCDB1A
:108C6000404CC5F10F0504EBC5015246D1E90001A6
:108C70005B46F7F73BFC099B5D1B04EBC504D4E99D
:108C8000002391E71633A8DB0A9B5046A3EB0808A4
:108C9000344B594603EBC808D8E90023F7F750FDD9
:108CA0005DE70023504659461E462F4F2411012CE4
:108CB00021DC0BB182468B462B49ABF1547B01EB97
:108CC000C6015246D1E900015B46F7F70FFC234B82
:108CD0000A460B40254982468B4298D8A1F580115F
:108CE0008B4286BF4FF0FF3ADFF884B002F1547B2D
:108CF0000023089376E0E20704D5D7E90023F7F7CD
:108D0000F5FB0123013664100837D0E7F0D0644248
:108D100014F00F020AD0134B504603EBC20359461E
:108D2000D3E90023F7F70CFD82468B462411DFD0F0
:108D30001F2C1FDD0024A046A1460B942223059A78
:108D40004FF0000A4FF0000B13606BE7C3A7000859
:108D500088AA0008BBA70008F2A700080000F07F5F
:108D60002BA90008C0A9000898A900080000A07C51
:108D7000FFFFEF7F14F0100318BF6A2350460893DB
:108D800059460023774EE70704D5D6E90023F7F7C5
:108D9000ADFB0123641006F10806F4D10BB1824645
:108DA0008B46089BB3B1CBF30A52C2F16B03002B85
:108DB00059460FDD1F2B58DD342BD8BF4FF0FF3342
:108DC0004FF0000ACFBF4FF05C7BC2F14B029340E3
:108DD00003EA010B0022002350465946F7F7EEFD47
:108DE0000028A7D10B9B4A4600930C992B46059867
:108DF000FFF7D8F80B9000283FF409AF0024099A38
:108E00000A9B002AA3EB0803A8BF0023A0461293E5
:108E100022EAE27316930B9B05985968FFF71AF83C
:108E2000814600283FF4F7AE0B9B0C301A6903F122
:108E30000C010232920000F053FD1CAB01931BABFE
:108E4000009352465B460598CDE90CABFFF7D6FB85
:108E50001A9000283FF4DFAE01210598FFF738F99A
:108E6000804648B94FF00008D5E64FF0FF3202FACD
:108E700003F303EA0A0AADE71B9D1C9A002DABBF62
:108E8000129B169BEF185E1B089BA8BF169EA5EBB6
:108E900003051544344B05F1FF35B8BF129F9D42C1
:108EA000C2F1360250DA5B1B1F2B4FF00101A2EB1F
:108EB00003023DDC01FA03F3139300231093BD1862
:108EC000089BAF4216441E443B46A8BF2B46B34204
:108ED000A8BF3346002BC2BFED1AF61AFF1A129B29
:108EE000002B16DD41461A460598FFF7A9F9804682
:108EF0000028B7D001461A9A0598FFF7FFF80A90A4
:108F000000283FF488AE1A990598FEF7E3FF0A9B04
:108F10001A93002D1DDC099B002B27DD4946169A6C
:108F20000598FFF78DF9814600BB4FF0000972E606
:108F3000C5F17F4505F57F0505F57B45E23501FA6D
:108F400005F310931391BAE70023109301231393B1
:108F5000B5E72A461A990598FFF7CCF91A90002828
:108F6000D9D158E6B0AA000802FCFFFF002E07DDA9
:108F7000494632460598FFF7BDF981460028D4D00E
:108F8000002F08DD41463A460598FFF7B3F98046C1
:108F900000283FF440AE4A461A990598FFF732FA86
:108FA000044600283FF437AEC36841460F930023C0
:108FB000C360FFF70BFA00283DDA0F9B53EA0A0360
:108FC00063D1CBF31303002B5FD12BF000431B0DB8
:108FD0001B05B3F1D66F58D9636913B92369012B07
:108FE00053DD214601220598FFF784F941460446E6
:108FF000FFF7ECF9002848DD2BF00043089A1B0D21
:109000001B05002A62D0B3F1D66F5FD8B3F15C7F45
:109010007FF694AE50465946A34B0022F7F766FA06
:10902000A24B82460B408B46002B7FF4FFAD2223E0
:10903000059A1360FAE5CDF828B065D10F9ACBF305
:1090400013035AB39A4A93422BD1089B514603B358
:109050005A46964B1340B3F1D46F4FF0FF321BD8F2
:109060001B0DC3F16B0302FA03F3994219D1914B23
:109070000A9A9A4202D101313FF4CDAD4FF0000A75
:109080008A4B0A9A1A4002F5801B089B002BC1D11B
:10909000CCE54FF0FF33E8E71346E6E753EA0A036F
:1090A000AAD0109BDBB10A9A1342EED00F9B504618
:1090B0005946089ABBB1FFF76DFB02460B46DDE946
:1090C0000C01F7F75DF882468B46DEE7A3F58013C7
:1090D0006FEA135B4FF0FF3A6FEA0B5BD5E7139B28
:1090E00013EA0A0FE1E7FFF755FB02460B46DDE9FD
:1090F0000C01F7F743F80022002382468B46F7F76E
:109100005DFC0028C1D019E641462046FFF7CEFAA3
:1091100000224FF0804306460F46F7F763FC002815
:109120006DD00F9B002B78D1BAF1000F56D10A9B5E
:10913000C3F31303002B58D10022304639465E4B4F
:10914000F7F746FC002857D13046394600225B4BE2
:10915000F7F7CCF906460F4607F10043069607934A
:10916000DDE90623514DCDE910230A9B1D40544BE8
:109170009D4240F0AB800A9B5046A3F1547B594678
:10918000FFF7D4F9DDE90623F7F7B0F952465B465D
:10919000F6F7F6FF0B4645494A4A19409142824686
:1091A00042D90D9A434B9A4203D10C9B01333FF4B1
:1091B00032AD4FF0FF3ADFF8FCB01A990598FEF790
:1091C00089FE49460598FEF785FE41460598FEF75B
:1091D00081FE21460598FEF77DFE1CE6BAF1010FDF
:1091E00003D10A9B002B3FF4A9AD0022364B002689
:1091F000CDE90623304FB3E70026304FACE73046C9
:1092000039462E4B0022F7F771F90F9B06460F46A1
:10921000002BA1D0CDE90667A2E70022264B164617
:109220001F46CDE906239BE703F1547B089BCDF84D
:1092300028B0002BC1D12BF000431B0D1B059D4214
:10924000BBD130463946F7F76DFFF7F721F90246F3
:109250000B4630463946F6F791FF0B460246CBF3F4
:109260001306CDE90C230F9B46EA0A061E436AD07B
:1092700009A3D3E90023F7F7ABFB00287FF4D6ACB2
:1092800007A3D3E90023DDE90C01F7F7BFFB0028B2
:1092900093D0CBE4AFF300809535A094FFFFDF3F80
:1092A00035E5AF350000E03F000050390000F07FA9
:1092B000FFFF0F00FFFFEF7F0000F03F0000E03FE7
:1092C0000000E07FFFFF9F7C0000F0BF089B23B3FE
:1092D000B5F1D46F21D828A3D3E90023304639460D
:1092E000F7F780FBA0B139463046F7F7D7FB0128E6
:1092F00038BF0120F7F780F80F9B06460F46FBB9F1
:1093000001F1004314901593DDE91423CDE91023F6
:10931000119B03F1D6635B1B1193DDE90C01DDE9C1
:1093200010ABFFF703F902460B4650465946F7F7D4
:10933000DDF8DDE90C23F6F723FF82468B4675E75F
:10934000CDE91467E0E70EA3D3E90023F7F740FB6C
:109350009DE700230E93199B179A1360FFF779BAC4
:10936000652A3FF472AB452A3FF46FAB0123FFF748
:10937000AABB00BFAFF300800000C0FFFFFFDF41CA
:109380009535A094FFFFCF3F014BFFF725BA00BFF3
:1093900070000020242B2DE9F0478646904601D826
:1093A000012B06D1FDF7BCFD162303600020BDE8AC
:1093B000F0870D4633482A4615F8014B065D16F036
:1093C0000806F8D12D2C10D101262C78951C33F0ED
:1093D000100215D1302C0DD12A7802F0DF02582A64
:1093E00008D16C78023510230AE02B2C04BF2C78AE
:1093F000951CECE7002BF6D1302C14BF0A23082370
:10940000002206F1004C0CF1FF3CBCFBF3F91046C6
:1094100003FB19CAA4F13007092F0FD83C46A34219
:109420001BDD571C07D0814514D301D1A24511DBA8
:10943000012200FB034015F8014BEBE7A4F14107C3
:10944000192F01D8373CEAE7A4F16107192F04D896
:10945000573CE4E74FF0FF32EDE7531C08D12223DD
:109460006046CEF80030B8F1000FA0D0691E06E0CB
:1094700006B14042B8F1000F99D0002AF6D1C8F8E1
:10948000001094E7D9AA0008FFF784BF2DE9F04740
:109490001F468E688246BE420C4690460B682DD809
:1094A000B1F90C2012F4906F26D06569096905EBBB
:1094B0004505A3EB010905EBD5757B1C4B446D10ED
:1094C0009D4238BF1D46530527D52946FEF736FC79
:1094D000064660B34A46216900F002FAA38923F4E4
:1094E000906343F08003A38126614E4426603E468C
:1094F0006561A5EB0905A560BE4200D93E4632462E
:109500004146206800F0C2F90020A3689B1BA360BD
:10951000236833442360BDE8F0872A4600F071FDDC
:1095200006460028E0D150462169FEF795FB0C2342
:10953000CAF80030A3894FF0FF3043F04003A38105
:10954000E9E700002DE9F04F98468B8907461B0696
:109550000D4614469DB010D50B6973B94021FEF736
:10956000EDFB2860286130B90C233B604FF0FF30E1
:109570001DB0BDE8F08F40236B61002309932023C9
:109580008DF8293030234FF00109CDF80C80DFF839
:1095900098818DF82A3023469A4613F8012B0AB198
:1095A000252AF9D1BAEB040B0BD05B46224629469B
:1095B0003846FFF76BFF013000F0A780099A5A4444
:1095C00009929AF80030002B00F09F8000234FF0A2
:1095D000FF32CDE905230AF1010A049307938DF8C0
:1095E00053301A935446052214F8011B4E48FDF7D8
:1095F000C4FC049AD8B9D00644BF20238DF8533058
:10960000110744BF2B238DF853309AF800302A2BD2
:1096100015D0544600204FF00A0C079A214611F845
:10962000013B303B092B4BD9B0B1079214E0A0EBC2
:10963000080309FA03F31343A2460493D2E7039BFA
:10964000191D1B680391002BBBBF5B4242F0020255
:1096500007930793B8BF049223782E2B0AD163781F
:109660002A2B32D1039B02341A1D1B68039243EA52
:10967000E3730593DFF8B4A0032250462178FDF789
:109680007CFC38B14022049BA0EB0A0082401343CB
:109690000134049314F8011B062225488DF8281084
:1096A000FDF76BFC002836D0224B1BBB039B073316
:1096B00023F0070308330393099B334409936AE7B4
:1096C0000C4601200CFB0232A8E700234FF00A0CE5
:1096D000194601340593204610F8012B303A092A27
:1096E00003D9002BC6D00591C4E7044601230CFB27
:1096F0000121F0E703AB00932A4638460E4B04A93C
:10970000FCF786FC421C0646D6D1AB895B063FF5CA
:109710002DAF09982CE703AB00932A463846064B39
:1097200004A9FCF713FFEDE7D7A80008DDA800089F
:10973000E1A80008116000088D940008B1F90C2020
:10974000F8B5160705460C4654D44B68002B02DCCE
:109750000B6C002B48DDE66A002E45D0002312F486
:1097600080522F68216A2B6030D0626DA38959071F
:1097700005D56368D21A636B0BB1236CD21A002330
:109780002846E66A216AB047431CA38906D12968A6
:109790001D292BD8284ACA40D60727D50022626047
:1097A0002269D904226004D5421C01D12B6803B977
:1097B0006065616B2F60B9B104F14403994202D036
:1097C0002846FEF749FA002363630DE0012328468B
:1097D000B0470246501CC9D12B68002BC6D01D2BA8
:1097E00001D0162B1DD12F60002021E043F0400353
:1097F0001BB21AE00F69002FF6D0930718BF0023A1
:109800000E6808BF4B69F61B0F608B60002EEBDD06
:1098100033463A462846216AD4F828C0E047002853
:1098200007DCB4F90C3043F040034FF0FF30A38164
:10983000F8BD0744361AE9E70100402038B50B6946
:1098400005460C4613B90025284638BD18B1036AF1
:109850000BB9FDF72FFAB4F90C30002BF3D0626E80
:10986000D00704D4990502D4A06DFDF784FB2846E7
:109870002146FFF763FF636E0546DA07E4D4A38948
:109880009B05E1D4A06DFDF777FBDDE7884210B5BD
:1098900001EB020402D98442234607D8431EA142A9
:1098A00008D011F8012B03F8012FF8E70146024414
:1098B0008A4200D110BD13F8014D02F8014DF7E7BF
:1098C00038B50023054D044608462B60F8F7DAFE4C
:1098D000431C02D12B6803B1236038BD88040020EB
:1098E0000A44914200F1FF3300D1704710B511F8DE
:1098F000014B914203F8014FF9D110BD00200149FD
:10990000704700BF0000F87F1FB514461A46094B88
:1099100005461B68D8684CB1074BCDE9013400916E
:109920002B46064900F0A8FB00F0B8FB044B1C4690
:10993000F3E700BF20000020F0A80008FDA8000801
:109940002BA9000870B5A1FB025434B92946FEF7D3
:10995000F5F9064628B9304670BD0C220026026093
:10996000F9E72A462146FDF776FAF4E703692DE97F
:10997000F043B3EB611F00F114044FEA611246DDBE
:1099800011F01F0104EB830604EB82050CD129467C
:1099900000F11007B14235D39B1A9B00EA1E964294
:1099A00038BF0023234415E0A14654F82270C1F1CA
:1099B0002008CF4005F1040E7645F44616D89A1AD1
:1099C0009200043A0135AE4238BF0022A318A750D6
:1099D00007B10433A342A3EB040208BF00234FEAFC
:1099E000A202026108BF4361BDE8F083DCF800C059
:1099F0000CFA08FC4CEA070749F8047B5EF8047B84
:109A0000CF40D9E751F804CB47F804CFC2E723464B
:109A1000E0E7A0F13003092B02D82038C0B270472C
:109A2000A0F16103052B01D84738F7E7A0F1410306
:109A3000052B01D82738F1E7002070472DE9F04FBA
:109A40008A46904685B002930B6801909C1CA14603
:109A500014F8010B3028FAD0A9EB0303A3F1020B91
:109A6000FFF7D7FF0546002868D1012248469F49E5
:109A7000FDF7F9F90746002867D199F80100264655
:109A8000FFF7C7FF002862D0234618789946302890
:109A900003F10103F9D0FFF7BCFFB0FA80F54FF0F6
:109AA000010B6D094A46164630780132FFF7B1FFC7
:109AB0000028F8D1012230468C49FDF7D4F900285E
:109AC0003FD144B9741C2246164630780132FFF764
:109AD000A0FF0028F8D1A41BA700337803F0DF0310
:109AE000502B3ED173782B2B33D02D2B34D0002428
:109AF000711C0878FFF78DFF431EDBB2182B30D89E
:109B0000A0F1100211F8010FFFF783FF00F1FF3CF5
:109B10005FFA8CFCBCF1180F4FF00A031ED904B198
:109B200052421744CAF80010EDB1BBF1000F0CBF50
:109B300006250025284605B0BDE8F08F00252C46F7
:109B4000B0E7002CC7D12746C7E74E462F46012570
:109B5000C3E70024B11CCCE70124FBE703FB0200B0
:109B6000CEE73146DEE72946A6EB0903013B072B8A
:109B70000ADC0198FEF76EF9044640B90246E4217A
:109B80005B4B5C48FFF7C0FE01315B10EFE7002341
:109B900000F1140A55469B46B14537D345F804BB3E
:109BA000A5EB0A05AD1025615846FEF745FA6D0193
:109BB000D8F800602D1AB54254DDAD1B2946204669
:109BC000FEF7C7FD814678B14FF001096B1E5911B0
:109BD0005AF8211003F01F0209FA02F20A4203D0D8
:109BE0004B4536DC4FF0020929462046FFF7BEFE02
:109BF0002F44D8F80830BB4242DA21460198FEF7DC
:109C000069F900230E9AA325136093E716F8012D36
:109C10002E2A12D0202B04D145F804BB4FF0000BA4
:109C20005B4630780393FFF7F4FE039B00F00F00D0
:109C300098404BEA000B0433AEE7B145EAD8012265
:109C400030462A490393FDF70EF9039B0028E1D122
:109C5000A2E72046A91EFEF77CFD0028C2D04FF0E7
:109C60000309C1E709DA751B21462A460198FEF768
:109C700041FB04467F1B00F1140A4FF00009B8E7CE
:109C8000D8F80450BD426FDDED1BAE4234DCD8F88D
:109C90000C30022B22D0032B24D0012B15D1AE4245
:109CA00013D1012E0BD1D8F80430029A622513602B
:109CB00001232361CAF800300E9B1C603AE720465E
:109CC000711EFEF746FD0028EDD121460198FEF7F2
:109CD00001F900230E9A502513602BE70F9B002BF0
:109CE000F3D1E0E70F9B002BDDD1EEE7D5A800080C
:109CF0006BA800082CA900086F1EB9F1000F30D125
:109D000027B139462046FEF724FD81460123294626
:109D1000761B02257A115AF8222007F01F07BB4054
:109D20001342204618BF49F00209FFF71FFED8F87A
:109D30000470B9F1000F47D0D8F80C30022B15D0C1
:109D4000032B17D0012B09D119F0020F06D0DAF836
:109D5000003049EA030919F0010F0ED145F0100552
:109D600032E04FF00109D1E70125E2E70F9BC3F193
:109D700001030F930F9B002BF0D04FF0000CD4F891
:109D800010B004F114034FEA8B0A03EB8B01184661
:109D900053F8042BB2F1FF3F1BD001320260022DB9
:109DA00004F114033CD1D8F80020013AB24209D1A1
:109DB0000122711153F8213006F01F0602FA06F64F
:109DC0001E423AD145F020050E9B1C60029B1F608D
:109DD000B0E6994243F804CCD9D8A3689B4517DB79
:109DE000616801980131FEF735F8814618B90246DD
:109DF0008421194BC5E6226904F10C01023292005C
:109E00000C30FFF76DFD21460198FEF763F84C46D4
:109E100023695A1C2261012204EB83035A61BEE7C5
:109E200022695A450BDD01212046FFF79FFDD8F836
:109E300008300137BB42FFF6E0AE0125C2E716F05D
:109E40001F06FAD0534453F8040CFEF7F5F8C6F198
:109E50002006B042E7DBF0E76BA80008C2F1080279
:109E6000920070B5C2F120064368046803FA06F553
:109E70002C43D340046040F8043F8842F4D370BDC3
:109E800030B50368013311F8014B14B903600120A8
:109E900030BD13F8012BA2F14105192D98BF2032D6
:109EA000A242F0D00020F3E72DE9F04F00250B6827
:109EB00082465E1102EB860613F01F0318BF0436BC
:109EC000371F9046B9463C46AB4687B001680193C0
:109ED00046F8045C02954A784B1C039342B3104643
:109EE00005910492FFF795FD002851D1049A059938
:109EF000202A18D8029B9B4513DD4C4506D2072D1E
:109F000004DC2A4649462046FFF7A8FF444552D9BB
:109F10000023A4F1040944F8043C1D464C46CDF846
:109F200008B00399D7E7292A57D10231CAF800109F
:109F3000BBF1000F51D04C4506D2072D04DC2A4658
:109F400049462046FFF78AFF444536D92346A8F103
:109F5000040253F8041B9F4242F8041FF9D23B1B32
:109F600023F0030304330134033EB44288BF0423C7
:109F70000022434443F8042B9F42FBD23B681BB9A9
:109F8000474528D101233B60052007B0BDE8F08F8D
:109F90000135082D0BF1010B06DD4445C1D9002325
:109FA000012544F8043C043C226800F00F0040EA1C
:109FB00002102060B5E70825B3E7019B002BDDD038
:109FC0004FF0FF32C3F12003DA4056F8043C13404F
:109FD00046F8043CD2E7043FD0E70420D5E782B03E
:109FE00001B901A942B14BB113780B601278101E70
:109FF00018BF012002B070471046FBE76FF0010068
:10A00000F8E72DE9F041074614460D4621B91146FF
:10A01000BDE8F041FDF792BE2AB9FDF71DFE2546C9
:10A020002846BDE8F08100F040F88442064602D898
:10A03000B4EB500FF4D821463846FDF77FFE80463A
:10A0400008B94546ECE7B4422246294628BF3246C5
:10A05000FFF746FC29463846FDF7FEFDF1E70346CB
:10A06000084641B1FF2A04D98A224FF0FF301A6016
:10A07000704701200A7070470EB403B5014603AB68
:10A08000054853F8042B0068019300F03DF802B036
:10A090005DF804EB03B0704720000020062008B5EF
:10A0A00000F006FA0120F8F778FA51F8043C181F7E
:10A0B000002BBCBF0B58C0187047936810B4013B0D
:10A0C000002B936007DA9469A34201DB0A2902D1CD
:10A0D00010BC00F031B91368581C106019700846A4
:10A0E00010BC7047F8B506460F461446D518AC426A
:10A0F00001D1002007E03A46304614F8011BFFF773
:10A10000DCFF431CF3D1F8BD2DE9F04F0D4614469A
:10A11000984606469DB018B1036A0BB9FCF7CAFD14
:10A120006B6ED90705D4AB899A0502D4A86DFCF7EC
:10A1300022FFAB891B0701D52B699BB92946304605
:10A1400000F038F970B16B6EDC0704D54FF0FF30CA
:10A150001DB0BDE8F08FAB899805F7D4A86DFCF76A
:10A160000BFFF3E70023099320238DF829303023D8
:10A170004FF00109CDF80C80DFF8A8818DF82A3066
:10A1800023469A4613F8012B0AB1252AF9D1BAEBD6
:10A19000040B0BD05B46224629463046FFF7A2FF50
:10A1A000013000F0A780099A5A4409929AF80030C9
:10A1B000002B00F09F8000234FF0FF32CDE90523F4
:10A1C0000AF1010A049307938DF853301A93544609
:10A1D000052214F8011B5348FCF7CFFE049AD8B9A6
:10A1E000D10644BF20238DF85330130744BF2B23DF
:10A1F0008DF853309AF800302A2B15D054460020A1
:10A200004FF00A0C079A214611F8013B303B092B0D
:10A210004BD9B0B1079214E0A0EB080309FA03F39D
:10A220001343A2460493D2E7039B191D1B680391B5
:10A23000002BBBBF5B4242F0020207930793B8BFFB
:10A24000049223782E2B0AD163782A2B32D1039BD8
:10A2500002341A1D1B68039243EAE3730593DFF887
:10A26000C8A0032250462178FCF787FE38B140226F
:10A27000049BA0EB0A00824013430134049314F8BA
:10A28000011B062229488DF82810FCF776FE0028CD
:10A290003FD0274B1BBB039B073323F00703083337
:10A2A0000393099B3B4409936AE70C4601200CFB8E
:10A2B0000232A8E700234FF00A0C19460134059337
:10A2C000204610F8012B303A092A03D9002BC6D0BA
:10A2D0000591C4E7044601230CFB0121F0E703AB21
:10A2E00000932A463046134B04A9FBF791FE07461C
:10A2F000781CD6D16B6ED90705D4AB899A0502D4E8
:10A30000A86DFCF739FEAB895B063FF51FAF0998D6
:10A310001EE703AB00932A463046064B04A9FCF720
:10A3200015F9E4E7D7A80008DDA80008E1A80008AF
:10A3300011600008E5A00008F8B50E461446054671
:10A3400018B1036A0BB9FCF7B5FCA369A360A38934
:10A350001A0701D5236943B92146284600F02AF897
:10A3600018B14FF0FF373846F8BD23682269F6B2BE
:10A37000981A63693746834205DC21462846FFF771
:10A380005DFA0028EDD1A368013BA36023685A1C45
:10A3900022601E706269431C9A4204D0A389DB07C5
:10A3A000E1D50A2EDFD121462846FFF747FA0028DB
:10A3B000D9D0D6E738B5294B054618680C4618B1F0
:10A3C000036A0BB9FCF776FCB4F90C30190722D4F8
:10A3D000DA0607D409222A6043F040034FF0FF3029
:10A3E000A38133E0580712D5616B41B104F14403F6
:10A3F000994202D02846FDF72FFC00236363A3890E
:10A4000023F02403A3810023636023692360A389CD
:10A4100043F00803A38123694BB9A38903F4207394
:10A42000B3F5007F03D02146284600F082F8B4F946
:10A430000C3013F001020AD00022A260626952427D
:10A44000A261226942B913F08000C5D138BD9907D5
:10A4500058BF6269A260F4E70020F7E720000020FF
:10A460001F2938B505460C4604D9162303604FF062
:10A47000FF3038BDC26B12B152F821304BB92846BB
:10A4800000F030F8224601462846BDE8384000F08A
:10A4900017B8012B0AD0591C03D1162303600120E1
:10A4A000E7E70021204642F8241098470020E0E723
:10A4B000024B01461868FFF7D3BF00BF2000002001
:10A4C00038B50023064D0446084611462B60F8F7C0
:10A4D00054F8431C02D12B6803B1236038BD00BF80
:10A4E00088040020F8F742B870B50C46B1F90E1098
:10A4F000154600291E4696B00CDAA389002113F0F8
:10A50000800F14BF40234FF48063002031602B6024
:10A5100016B070BD6A4600F049F80028EDDB0199DD
:10A5200001F47041A1F50053594259414FF4806341
:10A53000EBE78B89F7B59D0706460C4607D504F176
:10A540004703236023610123636103B0F0BD6A46C2
:10A5500001ABFFF7C9FF009F054639463046FDF7BE
:10A56000EDFB48B9B4F90C309A05EED423F003039F
:10A5700043F00203A381E2E7A389C4E9040743F09F
:10A580008003A381019B20605BB13046B4F90E10BB
:10A5900000F01EF828B1A38923F0030343F0010360
:10A5A000A381A3891D43A581CFE7000038B500230F
:10A5B000064D0446084611462B60F8F73DF8431C4B
:10A5C00002D12B6803B1236038BD00BF880400208E
:10A5D00038B50023054D044608462B60F8F73BF8D4
:10A5E000431C02D12B6803B1236038BD88040020CE
:10A5F000F8B500BFF8BC08BC9E467047F8B500BF70
:08A60000F8BC08BC9E4670473F
:10A6080053595354454D20524541445900000000C8
:10A61800494E495449414C495A494E472E2E2E001D
:10A628004054494D453D253032643A253032643A2C
:10A63800253032647C444154453D253032642D2513
:10A648003032642D253032647C4355523D252E31FD
:10A65800667C4156473D252E31667C464952453D2C
:10A6680025647C4C4F434B3D25647C544152473D07
:10A67800252E31660A0000005B253032642F253014
:10A6880032645D2020202020253032643A25303283
:10A69800643A25303264000054656D703A252E31D5
:10A6A80066432020546172673A252E3166430000C4
:10A6B80053544154453A204F56455254454D502025
:10A6C8002846414E2900000053544154453A20552C
:10A6D8004E44455254454D502848545229000000D4
:10A6E80053544154453A204E4F524D414C20285323
:10A6F8004146452920000000202020464952452097
:10A70800414C45525421202020000000414C415228
:10A718004D3A204E4F2048415A4152442020202093
:10A72800000000007365745F74656D7020000000A0
:10A738007365745F74696D65200000007365745FEC
:10A74800646174652000000072657365745F7379D5
:10A75800730000006D7574655F616C61726D000057
:10A7680004040A0A15151F0E02060912151D1F0EEC
:10A7780000000000000000000102030406070809A9
:10A78800000000000102030402030405060708098B
:10A798000A0B0C0D0E0F1010010200000203040535
:10A7A800060708090A0B0C0D0E0F10100102494E7E
:10A7B8004600696E66004E414E006E616E003000C4
:10A7C80030313233343536373839414243444546DF
:10A7D8000030313233343536373839616263646575
:10A7E800660065256C6400496E66696E6974790057
:10A7F8004E614E005245454E54206D616C6C6F633E
:10A8080020737563636565646564002F6275696CA0
:10A81800642F676E752D746F6F6C732D666F722D54
:10A8280073746D33325F31332E332E72656C312E73
:10A8380032303234303932362D313731352F737268
:10A84800632F6E65776C69622F6E65776C69622F0E
:10A858006C6962632F7374646C69622F64746F61CE
:10A868002E630042616C6C6F63207375636365656A
:10A87800646564002F6275696C642F676E752D744A
:10A888006F6F6C732D666F722D73746D33325F3119
:10A89800332E332E72656C312E32303234303932E9
:10A8A800362D313731352F7372632F6E65776C69AA
:10A8B800622F6E65776C69622F6C6962632F73749F
:10A8C800646C69622F6D707265632E63002E0023BD
:10A8D8002D302B2000686C4C0065666745464700A4
:10A8E8004300504F534958002C2066756E637469B5
:10A8F8006F6E3A2000617373657274696F6E2022FF
:10A90800257322206661696C65643A2066696C6506
:10A9180020222573222C206C696E652025642573FE
:10A9280025730A002F6275696C642F676E752D7424
:10A938006F6F6C732D666F722D73746D33325F3168
:10A94800332E332E72656C312E3230323430393238
:10A95800362D313731352F7372632F6E65776C69F9
:10A96800622F6E65776C69622F6C6962632F7374EE
:10A97800646C69622F6764746F612D6765746865BC
:10A98800782E630005000000190000007D0000001B
:10A998000080E03779C34143176E05B5B5B89346D3
:10A9A800F5F93FE9034F384D321D30F94877825A9F
:10A9B8003CBF737FDD4F1575000000000000F03FBD
:10A9C8000000000000002440000000000000594082
:10A9D8000000000000408F40000000000088C340D5
:10A9E80000000000006AF8400000000080842E414A
:10A9F80000000000D01263410000000084D7974196
:10AA08000000000065CDCD41000000205FA002429B
:10AA1800000000E876483742000000A2941A6D4210
:10AA2800000040E59C30A2420000901EC4BCD64203
:10AA380000003426F56B0C430080E03779C34143AE
:10AA480000A0D8855734764300C84E676DC1AB4324
:10AA5800003D9160E458E143408CB5781DAF154442
:10AA680050EFE2D6E41A4B4492D54D06CFF080441D
:10AA7800F64AE1C7022DB544B49DD9794378EA4432
:10AA880034000000CEFBFFFFCB03000001000000F4
:10AA98000000000035000000CEFBFFFFCB030000E4
:10AAA8000100000000000000BC89D897B2D29C3C8D
:10AAB80033A7A8D523F649393DA7F444FD0FA5329D
:10AAC8009D978CCF08BA5B25436FAC642806681144
:10AAD8000020202020202020202028282828282066
:10AAE800202020202020202020202020202020205E
:10AAF80020881010101010101010101010101010C6
:10AB080010040404040404040404041010101010B5
:10AB1800101041414141414101010101010101017F
:10AB280001010101010101010101010110101010D1
:10AB38001010424242424242020202020202020251
:10AB480002020202020202020202020210101010A5
:10AB580020000000000000000000000000000000CD
:10AB680000000000000000000000000000000000DD
:10AB780000000000000000000000000000000000CD
:10AB880000000000000000000000000000000000BD
:10AB980000000000000000000000000000000000AD
:10ABA800000000000000000000000000000000009D
:10ABB800000000000000000000000000000000008D
:10ABC800000000000000000000000000000000007D
:04ABD8000000000079
:08ABDC007455FF7F0100000029
:04ABE400350100082F
:04ABE800110100084F
:10ABEC000000C841CDCC4C3E00127A001000000091
:10ABFC000100000000000000030000004C030020D6
:10AC0C0024000020000000004C030020B4030020AE
:10AC1C001C040020000000000000000000000000E8
:10AC2C000000000000000000000000000000000018
:10AC3C000000000000000000000000000000000008
:10AC4C0000000000000000000000000000000000F8
:10AC5C0043000000000000000000000000000000A5
:10AC6C0000000000000000000000000000000000D8
:10AC7C004300000000000000000000000000000085
:10AC8C0000000000000000000000000000000000B8
:10AC9C004300000000000000000000000000000065
:10ACAC000000000000000000000000000000000098
:10ACBC004300000000000000000000000000000045
:10ACCC000000000000000000000000000000000078
:10ACDC004300000000000000000000000000000025
:10ACEC000000000000000000000000000000000058
:10ACFC004300000000000000000000000000000005
:10AD0C000000000000000000000000000000000037
:10AD1C0043000000000000000000000000000000E4
:10AD2C000000000000000000000000000000000017
:10AD3C005FA00008DF9F000800000000D8AA0008F0
:10AD4C00D5A800082BA900082BA900082BA90008DE
:10AD5C002BA900082BA900082BA900082BA9000877
:10AD6C002BA900082BA90008FFFFFFFFFFFFFFFF27
:10AD7C00FFFFFFFFFFFF0000010041534349490063
:10AD8C0000000000000000000000000000000000B7
:10AD9C00000000000000000000004153434949003E
:10ADAC000000000000000000000000000000000097
:0CADBC000000000000000000000000008B
:04000005080027F9CF
:00000001FF
